cluster_id,season,round,policy,driver_id,evaluation_eligible,actual_finish_position,predicted_finish_position,raw_race_score,final_race_score,actual_quali_position,prequential_quali_position
2026-R01,2026,1,B0,albon,True,12.0,18,-0.6042640805244446,-0.6042640805244446,15.0,19
2026-R01,2026,1,B0,alonso,False,18.0,9,-0.16085442900657654,-0.16085442900657654,17.0,8
2026-R01,2026,1,B0,antonelli,True,2.0,5,0.1517140120267868,0.1517140120267868,2.0,5
2026-R01,2026,1,B0,arvid_lindblad,True,8.0,8,-0.06135925278067589,-0.06135925278067589,9.0,14
2026-R01,2026,1,B0,bearman,True,7.0,12,-0.3755747973918915,-0.3755747973918915,12.0,11
2026-R01,2026,1,B0,bortoleto,True,9.0,10,-0.1900559812784195,-0.1900559812784195,10.0,10
2026-R01,2026,1,B0,bottas,False,19.0,16,-0.501375138759613,-0.501375138759613,19.0,16
2026-R01,2026,1,B0,colapinto,True,14.0,19,-0.7384488582611084,-0.7384488582611084,16.0,18
2026-R01,2026,1,B0,gasly,True,10.0,17,-0.5988529920578003,-0.5988529920578003,14.0,17
2026-R01,2026,1,B0,hadjar,False,20.0,6,0.07496532797813416,0.07496532797813416,3.0,6
2026-R01,2026,1,B0,hamilton,True,4.0,7,0.04248560220003128,0.04248560220003128,7.0,9
2026-R01,2026,1,B0,hulkenberg,False,22.0,13,-0.44602417945861816,-0.44602417945861816,11.0,13
2026-R01,2026,1,B0,lawson,True,13.0,11,-0.27093639969825745,-0.27093639969825745,8.0,7
2026-R01,2026,1,B0,leclerc,True,3.0,4,0.6878072023391724,0.6878072023391724,4.0,3
2026-R01,2026,1,B0,norris,True,5.0,2,1.1580052375793457,1.1580052375793457,6.0,4
2026-R01,2026,1,B0,ocon,True,11.0,14,-0.47969216108322144,-0.47969216108322144,13.0,12
2026-R01,2026,1,B0,perez,True,16.0,15,-0.486144095659256,-0.486144095659256,18.0,15
2026-R01,2026,1,B0,piastri,False,21.0,1,1.2209597826004028,1.2209597826004028,5.0,1
2026-R01,2026,1,B0,russell,True,1.0,3,0.9553515315055847,0.9553515315055847,1.0,2
2026-R01,2026,1,B1,albon,True,12.0,18,-0.6628358960151672,-0.6628358960151672,15.0,15
2026-R01,2026,1,B1,alonso,False,18.0,11,-0.23615729808807373,-0.23615729808807373,17.0,16
2026-R01,2026,1,B1,antonelli,True,2.0,5,0.268583208322525,0.268583208322525,2.0,5
2026-R01,2026,1,B1,arvid_lindblad,True,8.0,8,-0.01650259643793106,-0.01650259643793106,9.0,11
2026-R01,2026,1,B1,bearman,True,7.0,15,-0.3825570046901703,-0.3825570046901703,12.0,10
2026-R01,2026,1,B1,bortoleto,True,9.0,9,-0.04943467676639557,-0.04943467676639557,10.0,8
2026-R01,2026,1,B1,bottas,False,19.0,16,-0.45509183406829834,-0.45509183406829834,19.0,18
2026-R01,2026,1,B1,colapinto,True,14.0,19,-0.6959147453308105,-0.6959147453308105,16.0,17
2026-R01,2026,1,B1,gasly,True,10.0,17,-0.5505091547966003,-0.5505091547966003,14.0,14
2026-R01,2026,1,B1,hadjar,False,20.0,7,0.04547097533941269,0.04547097533941269,3.0,7
2026-R01,2026,1,B1,hamilton,True,4.0,6,0.20146998763084412,0.20146998763084412,7.0,6
2026-R01,2026,1,B1,hulkenberg,False,22.0,12,-0.2559921443462372,-0.2559921443462372,11.0,13
2026-R01,2026,1,B1,lawson,True,13.0,10,-0.18718573451042175,-0.18718573451042175,8.0,9
2026-R01,2026,1,B1,leclerc,True,3.0,4,0.7770543694496155,0.7770543694496155,4.0,3
2026-R01,2026,1,B1,norris,True,5.0,2,1.1280790567398071,1.1280790567398071,6.0,4
2026-R01,2026,1,B1,ocon,True,11.0,14,-0.36633944511413574,-0.36633944511413574,13.0,12
2026-R01,2026,1,B1,perez,True,16.0,13,-0.2974162697792053,-0.2974162697792053,18.0,19
2026-R01,2026,1,B1,piastri,False,21.0,3,1.0997321605682373,1.0997321605682373,5.0,2
2026-R01,2026,1,B1,russell,True,1.0,1,1.1801880598068237,1.1801880598068237,1.0,1
2026-R01,2026,1,B3,albon,True,12.0,18,-0.6628358960151672,-0.6628358960151672,15.0,15
2026-R01,2026,1,B3,alonso,False,18.0,11,-0.23615729808807373,-0.23615729808807373,17.0,16
2026-R01,2026,1,B3,antonelli,True,2.0,5,0.268583208322525,0.268583208322525,2.0,5
2026-R01,2026,1,B3,arvid_lindblad,True,8.0,8,-0.01650259643793106,-0.01650259643793106,9.0,11
2026-R01,2026,1,B3,bearman,True,7.0,15,-0.3825570046901703,-0.3825570046901703,12.0,10
2026-R01,2026,1,B3,bortoleto,True,9.0,9,-0.04943467676639557,-0.04943467676639557,10.0,8
2026-R01,2026,1,B3,bottas,False,19.0,16,-0.45509183406829834,-0.45509183406829834,19.0,18
2026-R01,2026,1,B3,colapinto,True,14.0,19,-0.6959147453308105,-0.6959147453308105,16.0,17
2026-R01,2026,1,B3,gasly,True,10.0,17,-0.5505091547966003,-0.5505091547966003,14.0,14
2026-R01,2026,1,B3,hadjar,False,20.0,7,0.04547097533941269,0.04547097533941269,3.0,7
2026-R01,2026,1,B3,hamilton,True,4.0,6,0.20146998763084412,0.20146998763084412,7.0,6
2026-R01,2026,1,B3,hulkenberg,False,22.0,12,-0.2559921443462372,-0.2559921443462372,11.0,13
2026-R01,2026,1,B3,lawson,True,13.0,10,-0.18718573451042175,-0.18718573451042175,8.0,9
2026-R01,2026,1,B3,leclerc,True,3.0,4,0.7770543694496155,0.7770543694496155,4.0,3
2026-R01,2026,1,B3,norris,True,5.0,2,1.1280790567398071,1.1280790567398071,6.0,4
2026-R01,2026,1,B3,ocon,True,11.0,14,-0.36633944511413574,-0.36633944511413574,13.0,12
2026-R01,2026,1,B3,perez,True,16.0,13,-0.2974162697792053,-0.2974162697792053,18.0,19
2026-R01,2026,1,B3,piastri,False,21.0,3,1.0997321605682373,1.0997321605682373,5.0,2
2026-R01,2026,1,B3,russell,True,1.0,1,1.1801880598068237,1.1801880598068237,1.0,1
2026-R01,2026,1,B2,albon,True,12.0,18,-0.6239629983901978,-0.6239629983901978,15.0,15
2026-R01,2026,1,B2,alonso,False,18.0,10,-0.16785244643688202,-0.16785244643688202,17.0,16
2026-R01,2026,1,B2,antonelli,True,2.0,5,0.36475369334220886,0.36475369334220886,2.0,5
2026-R01,2026,1,B2,arvid_lindblad,True,8.0,8,0.06788671016693115,0.06788671016693115,9.0,11
2026-R01,2026,1,B2,bearman,True,7.0,13,-0.2840593457221985,-0.2840593457221985,12.0,10
2026-R01,2026,1,B2,bortoleto,True,9.0,9,0.022153476253151894,0.022153476253151894,10.0,8
2026-R01,2026,1,B2,bottas,False,19.0,15,-0.5411055684089661,-0.5411055684089661,19.0,18
2026-R01,2026,1,B2,colapinto,True,14.0,19,-0.6386269927024841,-0.6386269927024841,16.0,17
2026-R01,2026,1,B2,gasly,True,10.0,16,-0.602006196975708,-0.602006196975708,14.0,14
2026-R01,2026,1,B2,hadjar,False,20.0,7,0.11586242914199829,0.11586242914199829,3.0,7
2026-R01,2026,1,B2,hamilton,True,4.0,6,0.2191011905670166,0.2191011905670166,7.0,6
2026-R01,2026,1,B2,hulkenberg,False,22.0,14,-0.42222315073013306,-0.42222315073013306,11.0,13
2026-R01,2026,1,B2,lawson,True,13.0,11,-0.18074734508991241,-0.18074734508991241,8.0,9
2026-R01,2026,1,B2,leclerc,True,3.0,4,0.695475697517395,0.695475697517395,4.0,3
2026-R01,2026,1,B2,norris,True,5.0,1,1.259767770767212,1.259767770767212,6.0,4
2026-R01,2026,1,B2,ocon,True,11.0,12,-0.2575358748435974,-0.2575358748435974,13.0,12
2026-R01,2026,1,B2,perez,True,16.0,17,-0.6080877184867859,-0.6080877184867859,18.0,19
2026-R01,2026,1,B2,piastri,False,21.0,3,1.1737284660339355,1.1737284660339355,5.0,2
2026-R01,2026,1,B2,russell,True,1.0,2,1.2330540418624878,1.2330540418624878,1.0,1
2026-R01,2026,1,B4,albon,True,12.0,18,-0.6239629983901978,-0.6239629983901978,15.0,15
2026-R01,2026,1,B4,alonso,False,18.0,10,-0.16785244643688202,-0.16785244643688202,17.0,16
2026-R01,2026,1,B4,antonelli,True,2.0,5,0.36475369334220886,0.36475369334220886,2.0,5
2026-R01,2026,1,B4,arvid_lindblad,True,8.0,8,0.06788671016693115,0.06788671016693115,9.0,11
2026-R01,2026,1,B4,bearman,True,7.0,13,-0.2840593457221985,-0.2840593457221985,12.0,10
2026-R01,2026,1,B4,bortoleto,True,9.0,9,0.022153476253151894,0.022153476253151894,10.0,8
2026-R01,2026,1,B4,bottas,False,19.0,15,-0.5411055684089661,-0.5411055684089661,19.0,18
2026-R01,2026,1,B4,colapinto,True,14.0,19,-0.6386269927024841,-0.6386269927024841,16.0,17
2026-R01,2026,1,B4,gasly,True,10.0,16,-0.602006196975708,-0.602006196975708,14.0,14
2026-R01,2026,1,B4,hadjar,False,20.0,7,0.11586242914199829,0.11586242914199829,3.0,7
2026-R01,2026,1,B4,hamilton,True,4.0,6,0.2191011905670166,0.2191011905670166,7.0,6
2026-R01,2026,1,B4,hulkenberg,False,22.0,14,-0.42222315073013306,-0.42222315073013306,11.0,13
2026-R01,2026,1,B4,lawson,True,13.0,11,-0.18074734508991241,-0.18074734508991241,8.0,9
2026-R01,2026,1,B4,leclerc,True,3.0,4,0.695475697517395,0.695475697517395,4.0,3
2026-R01,2026,1,B4,norris,True,5.0,1,1.259767770767212,1.259767770767212,6.0,4
2026-R01,2026,1,B4,ocon,True,11.0,12,-0.2575358748435974,-0.2575358748435974,13.0,12
2026-R01,2026,1,B4,perez,True,16.0,17,-0.6080877184867859,-0.6080877184867859,18.0,19
2026-R01,2026,1,B4,piastri,False,21.0,3,1.1737284660339355,1.1737284660339355,5.0,2
2026-R01,2026,1,B4,russell,True,1.0,2,1.2330540418624878,1.2330540418624878,1.0,1
2026-R02,2026,2,B0,albon,False,22.0,19,-0.4963798224925995,-0.4963798224925995,18.0,21
2026-R02,2026,2,B0,alonso,False,17.0,14,-0.35596075654029846,-0.35596075654029846,19.0,17
2026-R02,2026,2,B0,antonelli,True,1.0,6,0.5795595049858093,0.5795595049858093,1.0,6
2026-R02,2026,2,B0,arvid_lindblad,True,12.0,8,-0.02899589203298092,-0.02899589203298092,15.0,11
2026-R02,2026,2,B0,bearman,True,5.0,12,-0.2202768623828888,-0.2202768623828888,10.0,9
2026-R02,2026,2,B0,bortoleto,False,21.0,11,-0.2080211341381073,-0.2080211341381073,16.0,12
2026-R02,2026,2,B0,bottas,True,13.0,21,-0.8073919415473938,-0.8073919415473938,20.0,20
2026-R02,2026,2,B0,colapinto,True,10.0,22,-1.0432260036468506,-1.0432260036468506,12.0,18
2026-R02,2026,2,B0,gasly,True,6.0,17,-0.4149555563926697,-0.4149555563926697,7.0,14
2026-R02,2026,2,B0,hadjar,True,8.0,7,0.07100159674882889,0.07100159674882889,9.0,7
2026-R02,2026,2,B0,hamilton,True,3.0,9,-0.08103591948747635,-0.08103591948747635,3.0,8
2026-R02,2026,2,B0,hulkenberg,True,11.0,13,-0.32345491647720337,-0.32345491647720337,11.0,10
2026-R02,2026,2,B0,lawson,True,7.0,16,-0.3922182321548462,-0.3922182321548462,14.0,13
2026-R02,2026,2,B0,leclerc,True,4.0,4,0.8718407154083252,0.8718407154083252,4.0,5
2026-R02,2026,2,B0,max_verstappen,False,16.0,1,1.533223032951355,1.533223032951355,8.0,4
2026-R02,2026,2,B0,norris,False,20.0,3,1.1702688932418823,1.1702688932418823,6.0,1
2026-R02,2026,2,B0,ocon,True,14.0,15,-0.35707712173461914,-0.35707712173461914,13.0,15
2026-R02,2026,2,B0,perez,True,15.0,20,-0.772667646408081,-0.772667646408081,22.0,22
2026-R02,2026,2,B0,piastri,False,19.0,5,0.6744499206542969,0.6744499206542969,5.0,3
2026-R02,2026,2,B0,russell,True,2.0,2,1.240218997001648,1.240218997001648,2.0,2
2026-R02,2026,2,B0,sainz,True,9.0,10,-0.19643500447273254,-0.19643500447273254,17.0,16
2026-R02,2026,2,B0,stroll,False,18.0,18,-0.45030513405799866,-0.45030513405799866,21.0,19
2026-R02,2026,2,B1,albon,False,22.0,17,-0.41637009382247925,-0.41637009382247925,18.0,21
2026-R02,2026,2,B1,alonso,False,17.0,19,-0.5221699476242065,-0.5221699476242065,19.0,17
2026-R02,2026,2,B1,antonelli,True,1.0,5,0.6390464305877686,0.6390464305877686,1.0,6
2026-R02,2026,2,B1,arvid_lindblad,True,12.0,8,0.06484851241111755,0.06484851241111755,15.0,11
2026-R02,2026,2,B1,bearman,True,5.0,11,-0.22630546987056732,-0.22630546987056732,10.0,9
2026-R02,2026,2,B1,bortoleto,False,21.0,9,-0.0489286445081234,-0.0489286445081234,16.0,12
2026-R02,2026,2,B1,bottas,True,13.0,20,-0.7451938986778259,-0.7451938986778259,20.0,20
2026-R02,2026,2,B1,colapinto,True,10.0,22,-1.0639379024505615,-1.0639379024505615,12.0,18
2026-R02,2026,2,B1,gasly,True,6.0,18,-0.46569904685020447,-0.46569904685020447,7.0,14
2026-R02,2026,2,B1,hadjar,True,8.0,7,0.10709500312805176,0.10709500312805176,9.0,7
2026-R02,2026,2,B1,hamilton,True,3.0,10,-0.18746346235275269,-0.18746346235275269,3.0,8
2026-R02,2026,2,B1,hulkenberg,True,11.0,13,-0.33424869179725647,-0.33424869179725647,11.0,10
2026-R02,2026,2,B1,lawson,True,7.0,14,-0.34388279914855957,-0.34388279914855957,14.0,13
2026-R02,2026,2,B1,leclerc,True,4.0,4,0.8609274625778198,0.8609274625778198,4.0,5
2026-R02,2026,2,B1,max_verstappen,False,16.0,1,1.4965790510177612,1.4965790510177612,8.0,4
2026-R02,2026,2,B1,norris,False,20.0,2,1.2527371644973755,1.2527371644973755,6.0,1
2026-R02,2026,2,B1,ocon,True,14.0,16,-0.3728908598423004,-0.3728908598423004,13.0,15
2026-R02,2026,2,B1,perez,True,15.0,21,-0.7976353168487549,-0.7976353168487549,22.0,22
2026-R02,2026,2,B1,piastri,False,19.0,6,0.5881813764572144,0.5881813764572144,5.0,3
2026-R02,2026,2,B1,russell,True,2.0,3,1.1682782173156738,1.1682782173156738,2.0,2
2026-R02,2026,2,B1,sainz,True,9.0,12,-0.3235413134098053,-0.3235413134098053,17.0,16
2026-R02,2026,2,B1,stroll,False,18.0,15,-0.36796656250953674,-0.36796656250953674,21.0,19
2026-R02,2026,2,B3,albon,False,22.0,17,-0.41637009382247925,-0.41637009382247925,18.0,21
2026-R02,2026,2,B3,alonso,False,17.0,19,-0.5221699476242065,-0.5221699476242065,19.0,17
2026-R02,2026,2,B3,antonelli,True,1.0,5,0.6390464305877686,0.6390464305877686,1.0,6
2026-R02,2026,2,B3,arvid_lindblad,True,12.0,8,0.06484851241111755,0.06484851241111755,15.0,11
2026-R02,2026,2,B3,bearman,True,5.0,11,-0.22630546987056732,-0.22630546987056732,10.0,9
2026-R02,2026,2,B3,bortoleto,False,21.0,9,-0.0489286445081234,-0.0489286445081234,16.0,12
2026-R02,2026,2,B3,bottas,True,13.0,20,-0.7451938986778259,-0.7451938986778259,20.0,20
2026-R02,2026,2,B3,colapinto,True,10.0,22,-1.0639379024505615,-1.0639379024505615,12.0,18
2026-R02,2026,2,B3,gasly,True,6.0,18,-0.46569904685020447,-0.46569904685020447,7.0,14
2026-R02,2026,2,B3,hadjar,True,8.0,7,0.10709500312805176,0.10709500312805176,9.0,7
2026-R02,2026,2,B3,hamilton,True,3.0,10,-0.18746346235275269,-0.18746346235275269,3.0,8
2026-R02,2026,2,B3,hulkenberg,True,11.0,13,-0.33424869179725647,-0.33424869179725647,11.0,10
2026-R02,2026,2,B3,lawson,True,7.0,14,-0.34388279914855957,-0.34388279914855957,14.0,13
2026-R02,2026,2,B3,leclerc,True,4.0,4,0.8609274625778198,0.8609274625778198,4.0,5
2026-R02,2026,2,B3,max_verstappen,False,16.0,1,1.4965790510177612,1.4965790510177612,8.0,4
2026-R02,2026,2,B3,norris,False,20.0,2,1.2527371644973755,1.2527371644973755,6.0,1
2026-R02,2026,2,B3,ocon,True,14.0,16,-0.3728908598423004,-0.3728908598423004,13.0,15
2026-R02,2026,2,B3,perez,True,15.0,21,-0.7976353168487549,-0.7976353168487549,22.0,22
2026-R02,2026,2,B3,piastri,False,19.0,6,0.5881813764572144,0.5881813764572144,5.0,3
2026-R02,2026,2,B3,russell,True,2.0,3,1.1682782173156738,1.1682782173156738,2.0,2
2026-R02,2026,2,B3,sainz,True,9.0,12,-0.3235413134098053,-0.3235413134098053,17.0,16
2026-R02,2026,2,B3,stroll,False,18.0,15,-0.36796656250953674,-0.36796656250953674,21.0,19
2026-R02,2026,2,B2,albon,False,22.0,19,-0.5202940106391907,-0.5202940106391907,18.0,21
2026-R02,2026,2,B2,alonso,False,17.0,17,-0.4695577621459961,-0.4695577621459961,19.0,17
2026-R02,2026,2,B2,antonelli,True,1.0,6,0.6439310312271118,0.6439310312271118,1.0,6
2026-R02,2026,2,B2,arvid_lindblad,True,12.0,8,-0.0032533968333154917,-0.0032533968333154917,15.0,11
2026-R02,2026,2,B2,bearman,True,5.0,10,-0.15198789536952972,-0.15198789536952972,10.0,9
2026-R02,2026,2,B2,bortoleto,False,21.0,9,-0.07059929519891739,-0.07059929519891739,16.0,12
2026-R02,2026,2,B2,bottas,True,13.0,20,-0.8066750764846802,-0.8066750764846802,20.0,20
2026-R02,2026,2,B2,colapinto,True,10.0,22,-1.137995958328247,-1.137995958328247,12.0,18
2026-R02,2026,2,B2,gasly,True,6.0,18,-0.5101114511489868,-0.5101114511489868,7.0,14
2026-R02,2026,2,B2,hadjar,True,8.0,7,0.32913738489151,0.32913738489151,9.0,7
2026-R02,2026,2,B2,hamilton,True,3.0,11,-0.21758130192756653,-0.21758130192756653,3.0,8
2026-R02,2026,2,B2,hulkenberg,True,11.0,14,-0.3216504752635956,-0.3216504752635956,11.0,10
2026-R02,2026,2,B2,lawson,True,7.0,15,-0.3640766739845276,-0.3640766739845276,14.0,13
2026-R02,2026,2,B2,leclerc,True,4.0,4,0.9151540994644165,0.9151540994644165,4.0,5
2026-R02,2026,2,B2,max_verstappen,False,16.0,1,1.5238505601882935,1.5238505601882935,8.0,4
2026-R02,2026,2,B2,norris,False,20.0,2,1.2085590362548828,1.2085590362548828,6.0,1
2026-R02,2026,2,B2,ocon,True,14.0,12,-0.2732227146625519,-0.2732227146625519,13.0,15
2026-R02,2026,2,B2,perez,True,15.0,21,-0.8922904133796692,-0.8922904133796692,22.0,22
2026-R02,2026,2,B2,piastri,False,19.0,5,0.723919153213501,0.723919153213501,5.0,3
2026-R02,2026,2,B2,russell,True,2.0,3,1.1850875616073608,1.1850875616073608,2.0,2
2026-R02,2026,2,B2,sainz,True,9.0,13,-0.2883974611759186,-0.2883974611759186,17.0,16
2026-R02,2026,2,B2,stroll,False,18.0,16,-0.4195219576358795,-0.4195219576358795,21.0,19
2026-R02,2026,2,B4,albon,False,22.0,19,-0.5202940106391907,-0.5202940106391907,18.0,21
2026-R02,2026,2,B4,alonso,False,17.0,17,-0.4695577621459961,-0.4695577621459961,19.0,17
2026-R02,2026,2,B4,antonelli,True,1.0,6,0.6439310312271118,0.6439310312271118,1.0,6
2026-R02,2026,2,B4,arvid_lindblad,True,12.0,8,-0.0032533968333154917,-0.0032533968333154917,15.0,11
2026-R02,2026,2,B4,bearman,True,5.0,10,-0.15198789536952972,-0.15198789536952972,10.0,9
2026-R02,2026,2,B4,bortoleto,False,21.0,9,-0.07059929519891739,-0.07059929519891739,16.0,12
2026-R02,2026,2,B4,bottas,True,13.0,20,-0.8066750764846802,-0.8066750764846802,20.0,20
2026-R02,2026,2,B4,colapinto,True,10.0,22,-1.137995958328247,-1.137995958328247,12.0,18
2026-R02,2026,2,B4,gasly,True,6.0,18,-0.5101114511489868,-0.5101114511489868,7.0,14
2026-R02,2026,2,B4,hadjar,True,8.0,7,0.32913738489151,0.32913738489151,9.0,7
2026-R02,2026,2,B4,hamilton,True,3.0,11,-0.21758130192756653,-0.21758130192756653,3.0,8
2026-R02,2026,2,B4,hulkenberg,True,11.0,14,-0.3216504752635956,-0.3216504752635956,11.0,10
2026-R02,2026,2,B4,lawson,True,7.0,15,-0.3640766739845276,-0.3640766739845276,14.0,13
2026-R02,2026,2,B4,leclerc,True,4.0,4,0.9151540994644165,0.9151540994644165,4.0,5
2026-R02,2026,2,B4,max_verstappen,False,16.0,1,1.5238505601882935,1.5238505601882935,8.0,4
2026-R02,2026,2,B4,norris,False,20.0,2,1.2085590362548828,1.2085590362548828,6.0,1
2026-R02,2026,2,B4,ocon,True,14.0,12,-0.2732227146625519,-0.2732227146625519,13.0,15
2026-R02,2026,2,B4,perez,True,15.0,21,-0.8922904133796692,-0.8922904133796692,22.0,22
2026-R02,2026,2,B4,piastri,False,19.0,5,0.723919153213501,0.723919153213501,5.0,3
2026-R02,2026,2,B4,russell,True,2.0,3,1.1850875616073608,1.1850875616073608,2.0,2
2026-R02,2026,2,B4,sainz,True,9.0,13,-0.2883974611759186,-0.2883974611759186,17.0,16
2026-R02,2026,2,B4,stroll,False,18.0,16,-0.4195219576358795,-0.4195219576358795,21.0,19
2026-R03,2026,3,B0,albon,True,20.0,15,-0.4009065330028534,-0.4009065330028534,17.0,18
2026-R03,2026,3,B0,alonso,True,18.0,18,-0.5565814971923828,-0.5565814971923828,21.0,17
2026-R03,2026,3,B0,antonelli,True,1.0,2,1.428226351737976,1.428226351737976,1.0,3
2026-R03,2026,3,B0,arvid_lindblad,True,14.0,16,-0.4535175561904907,-0.4535175561904907,10.0,12
2026-R03,2026,3,B0,bearman,False,22.0,13,-0.30364686250686646,-0.30364686250686646,18.0,9
2026-R03,2026,3,B0,bortoleto,True,13.0,9,-0.14196684956550598,-0.14196684956550598,9.0,13
2026-R03,2026,3,B0,bottas,True,19.0,20,-0.9113370776176453,-0.9113370776176453,20.0,21
2026-R03,2026,3,B0,colapinto,True,16.0,19,-0.5857894420623779,-0.5857894420623779,15.0,19
2026-R03,2026,3,B0,gasly,True,7.0,14,-0.31985706090927124,-0.31985706090927124,7.0,15
2026-R03,2026,3,B0,hadjar,True,12.0,8,0.31352508068084717,0.31352508068084717,8.0,7
2026-R03,2026,3,B0,hamilton,True,6.0,7,0.5574011206626892,0.5574011206626892,6.0,8
2026-R03,2026,3,B0,hulkenberg,True,11.0,11,-0.2047407031059265,-0.2047407031059265,13.0,11
2026-R03,2026,3,B0,lawson,True,9.0,10,-0.15125636756420135,-0.15125636756420135,14.0,10
2026-R03,2026,3,B0,leclerc,True,3.0,3,1.1633026599884033,1.1633026599884033,4.0,2
2026-R03,2026,3,B0,max_verstappen,True,8.0,5,0.6965981125831604,0.6965981125831604,11.0,6
2026-R03,2026,3,B0,norris,True,5.0,6,0.6836268901824951,0.6836268901824951,5.0,5
2026-R03,2026,3,B0,ocon,True,10.0,17,-0.45931941270828247,-0.45931941270828247,12.0,14
2026-R03,2026,3,B0,perez,True,17.0,22,-1.2267067432403564,-1.2267067432403564,19.0,22
2026-R03,2026,3,B0,piastri,True,2.0,4,0.7659316658973694,0.7659316658973694,3.0,4
2026-R03,2026,3,B0,russell,True,4.0,1,1.4463566541671753,1.4463566541671753,2.0,1
2026-R03,2026,3,B0,sainz,True,15.0,12,-0.22183135151863098,-0.22183135151863098,16.0,16
2026-R03,2026,3,B0,stroll,False,21.0,21,-1.127582311630249,-1.127582311630249,22.0,20
2026-R03,2026,3,B1,albon,True,20.0,15,-0.4251444637775421,-0.4251444637775421,17.0,17
2026-R03,2026,3,B1,alonso,True,18.0,16,-0.43123865127563477,-0.43123865127563477,21.0,21
2026-R03,2026,3,B1,antonelli,True,1.0,1,1.5300323963165283,1.5300323963165283,1.0,2
2026-R03,2026,3,B1,arvid_lindblad,True,14.0,18,-0.47850024700164795,-0.47850024700164795,10.0,14
2026-R03,2026,3,B1,bearman,False,22.0,13,-0.30798330903053284,-0.30798330903053284,18.0,13
2026-R03,2026,3,B1,bortoleto,True,13.0,14,-0.3777209520339966,-0.3777209520339966,9.0,10
2026-R03,2026,3,B1,bottas,True,19.0,21,-1.1459527015686035,-1.1459527015686035,20.0,19
2026-R03,2026,3,B1,colapinto,True,16.0,19,-0.6595242619514465,-0.6595242619514465,15.0,18
2026-R03,2026,3,B1,gasly,True,7.0,10,-0.21391303837299347,-0.21391303837299347,7.0,12
2026-R03,2026,3,B1,hadjar,True,12.0,8,0.40056225657463074,0.40056225657463074,8.0,9
2026-R03,2026,3,B1,hamilton,True,6.0,7,0.5473673343658447,0.5473673343658447,6.0,7
2026-R03,2026,3,B1,hulkenberg,True,11.0,12,-0.2525102198123932,-0.2525102198123932,13.0,8
2026-R03,2026,3,B1,lawson,True,9.0,9,-0.10453659296035767,-0.10453659296035767,14.0,11
2026-R03,2026,3,B1,leclerc,True,3.0,3,1.2443994283676147,1.2443994283676147,4.0,4
2026-R03,2026,3,B1,max_verstappen,True,8.0,4,0.7903546690940857,0.7903546690940857,11.0,6
2026-R03,2026,3,B1,norris,True,5.0,5,0.7727667689323425,0.7727667689323425,5.0,5
2026-R03,2026,3,B1,ocon,True,10.0,17,-0.4532836675643921,-0.4532836675643921,12.0,15
2026-R03,2026,3,B1,perez,True,17.0,22,-1.4274072647094727,-1.4274072647094727,19.0,20
2026-R03,2026,3,B1,piastri,True,2.0,6,0.6906515955924988,0.6906515955924988,3.0,3
2026-R03,2026,3,B1,russell,True,4.0,2,1.5257810354232788,1.5257810354232788,2.0,1
2026-R03,2026,3,B1,sainz,True,15.0,11,-0.22786200046539307,-0.22786200046539307,16.0,16
2026-R03,2026,3,B1,stroll,False,21.0,20,-1.079464077949524,-1.079464077949524,22.0,22
2026-R03,2026,3,B3,albon,True,20.0,15,-0.4251444637775421,-0.4251444637775421,17.0,17
2026-R03,2026,3,B3,alonso,True,18.0,16,-0.43123865127563477,-0.43123865127563477,21.0,21
2026-R03,2026,3,B3,antonelli,True,1.0,1,1.5300323963165283,1.5300323963165283,1.0,2
2026-R03,2026,3,B3,arvid_lindblad,True,14.0,18,-0.47850024700164795,-0.47850024700164795,10.0,14
2026-R03,2026,3,B3,bearman,False,22.0,13,-0.30798330903053284,-0.30798330903053284,18.0,13
2026-R03,2026,3,B3,bortoleto,True,13.0,14,-0.3777209520339966,-0.3777209520339966,9.0,10
2026-R03,2026,3,B3,bottas,True,19.0,21,-1.1459527015686035,-1.1459527015686035,20.0,19
2026-R03,2026,3,B3,colapinto,True,16.0,19,-0.6595242619514465,-0.6595242619514465,15.0,18
2026-R03,2026,3,B3,gasly,True,7.0,10,-0.21391303837299347,-0.21391303837299347,7.0,12
2026-R03,2026,3,B3,hadjar,True,12.0,8,0.40056225657463074,0.40056225657463074,8.0,9
2026-R03,2026,3,B3,hamilton,True,6.0,7,0.5473673343658447,0.5473673343658447,6.0,7
2026-R03,2026,3,B3,hulkenberg,True,11.0,12,-0.2525102198123932,-0.2525102198123932,13.0,8
2026-R03,2026,3,B3,lawson,True,9.0,9,-0.10453659296035767,-0.10453659296035767,14.0,11
2026-R03,2026,3,B3,leclerc,True,3.0,3,1.2443994283676147,1.2443994283676147,4.0,4
2026-R03,2026,3,B3,max_verstappen,True,8.0,4,0.7903546690940857,0.7903546690940857,11.0,6
2026-R03,2026,3,B3,norris,True,5.0,5,0.7727667689323425,0.7727667689323425,5.0,5
2026-R03,2026,3,B3,ocon,True,10.0,17,-0.4532836675643921,-0.4532836675643921,12.0,15
2026-R03,2026,3,B3,perez,True,17.0,22,-1.4274072647094727,-1.4274072647094727,19.0,20
2026-R03,2026,3,B3,piastri,True,2.0,6,0.6906515955924988,0.6906515955924988,3.0,3
2026-R03,2026,3,B3,russell,True,4.0,2,1.5257810354232788,1.5257810354232788,2.0,1
2026-R03,2026,3,B3,sainz,True,15.0,11,-0.22786200046539307,-0.22786200046539307,16.0,16
2026-R03,2026,3,B3,stroll,False,21.0,20,-1.079464077949524,-1.079464077949524,22.0,22
2026-R03,2026,3,B2,albon,True,20.0,16,-0.43479761481285095,-0.43479761481285095,17.0,17
2026-R03,2026,3,B2,alonso,True,18.0,18,-0.5836041569709778,-0.5836041569709778,21.0,21
2026-R03,2026,3,B2,antonelli,True,1.0,1,1.4112528562545776,1.4112528562545776,1.0,2
2026-R03,2026,3,B2,arvid_lindblad,True,14.0,15,-0.4298231899738312,-0.4298231899738312,10.0,14
2026-R03,2026,3,B2,bearman,False,22.0,13,-0.3284182548522949,-0.3284182548522949,18.0,13
2026-R03,2026,3,B2,bortoleto,True,13.0,12,-0.2646130621433258,-0.2646130621433258,9.0,10
2026-R03,2026,3,B2,bottas,True,19.0,21,-1.1174662113189697,-1.1174662113189697,20.0,19
2026-R03,2026,3,B2,colapinto,True,16.0,19,-0.7228403687477112,-0.7228403687477112,15.0,18
2026-R03,2026,3,B2,gasly,True,7.0,9,-0.14464841783046722,-0.14464841783046722,7.0,12
2026-R03,2026,3,B2,hadjar,True,12.0,8,0.2181440144777298,0.2181440144777298,8.0,9
2026-R03,2026,3,B2,hamilton,True,6.0,7,0.4540312588214874,0.4540312588214874,6.0,7
2026-R03,2026,3,B2,hulkenberg,True,11.0,10,-0.20534850656986237,-0.20534850656986237,13.0,8
2026-R03,2026,3,B2,lawson,True,9.0,11,-0.24221882224082947,-0.24221882224082947,14.0,11
2026-R03,2026,3,B2,leclerc,True,3.0,3,1.0544973611831665,1.0544973611831665,4.0,4
2026-R03,2026,3,B2,max_verstappen,True,8.0,4,0.8510980010032654,0.8510980010032654,11.0,6
2026-R03,2026,3,B2,norris,True,5.0,6,0.7252597808837891,0.7252597808837891,5.0,5
2026-R03,2026,3,B2,ocon,True,10.0,17,-0.45537927746772766,-0.45537927746772766,12.0,15
2026-R03,2026,3,B2,perez,True,17.0,22,-1.3786182403564453,-1.3786182403564453,19.0,20
2026-R03,2026,3,B2,piastri,True,2.0,5,0.7616294622421265,0.7616294622421265,3.0,3
2026-R03,2026,3,B2,russell,True,4.0,2,1.3532980680465698,1.3532980680465698,2.0,1
2026-R03,2026,3,B2,sainz,True,15.0,14,-0.3361338973045349,-0.3361338973045349,16.0,16
2026-R03,2026,3,B2,stroll,False,21.0,20,-1.0987457036972046,-1.0987457036972046,22.0,22
2026-R03,2026,3,B4,albon,True,20.0,16,-0.43479761481285095,-0.43479761481285095,17.0,17
2026-R03,2026,3,B4,alonso,True,18.0,18,-0.5836041569709778,-0.5836041569709778,21.0,21
2026-R03,2026,3,B4,antonelli,True,1.0,1,1.4112528562545776,1.4112528562545776,1.0,2
2026-R03,2026,3,B4,arvid_lindblad,True,14.0,15,-0.4298231899738312,-0.4298231899738312,10.0,14
2026-R03,2026,3,B4,bearman,False,22.0,13,-0.3284182548522949,-0.3284182548522949,18.0,13
2026-R03,2026,3,B4,bortoleto,True,13.0,12,-0.2646130621433258,-0.2646130621433258,9.0,10
2026-R03,2026,3,B4,bottas,True,19.0,21,-1.1174662113189697,-1.1174662113189697,20.0,19
2026-R03,2026,3,B4,colapinto,True,16.0,19,-0.7228403687477112,-0.7228403687477112,15.0,18
2026-R03,2026,3,B4,gasly,True,7.0,9,-0.14464841783046722,-0.14464841783046722,7.0,12
2026-R03,2026,3,B4,hadjar,True,12.0,8,0.2181440144777298,0.2181440144777298,8.0,9
2026-R03,2026,3,B4,hamilton,True,6.0,7,0.4540312588214874,0.4540312588214874,6.0,7
2026-R03,2026,3,B4,hulkenberg,True,11.0,10,-0.20534850656986237,-0.20534850656986237,13.0,8
2026-R03,2026,3,B4,lawson,True,9.0,11,-0.24221882224082947,-0.24221882224082947,14.0,11
2026-R03,2026,3,B4,leclerc,True,3.0,3,1.0544973611831665,1.0544973611831665,4.0,4
2026-R03,2026,3,B4,max_verstappen,True,8.0,4,0.8510980010032654,0.8510980010032654,11.0,6
2026-R03,2026,3,B4,norris,True,5.0,6,0.7252597808837891,0.7252597808837891,5.0,5
2026-R03,2026,3,B4,ocon,True,10.0,17,-0.45537927746772766,-0.45537927746772766,12.0,15
2026-R03,2026,3,B4,perez,True,17.0,22,-1.3786182403564453,-1.3786182403564453,19.0,20
2026-R03,2026,3,B4,piastri,True,2.0,5,0.7616294622421265,0.7616294622421265,3.0,3
2026-R03,2026,3,B4,russell,True,4.0,2,1.3532980680465698,1.3532980680465698,2.0,1
2026-R03,2026,3,B4,sainz,True,15.0,14,-0.3361338973045349,-0.3361338973045349,16.0,16
2026-R03,2026,3,B4,stroll,False,21.0,20,-1.0987457036972046,-1.0987457036972046,22.0,22
2026-R06,2026,6,B0,albon,True,10.0,17,-0.6016501784324646,-0.6016501784324646,15.0,17
2026-R06,2026,6,B0,alonso,True,15.0,19,-0.956621527671814,-0.956621527671814,17.0,21
2026-R06,2026,6,B0,antonelli,True,1.0,3,1.2050989866256714,1.2050989866256714,1.0,3
2026-R06,2026,6,B0,arvid_lindblad,True,14.0,18,-0.6845359802246094,-0.6845359802246094,16.0,18
2026-R06,2026,6,B0,bearman,True,11.0,11,-0.263437956571579,-0.263437956571579,12.0,12
2026-R06,2026,6,B0,bortoleto,True,12.0,12,-0.31151244044303894,-0.31151244044303894,21.0,10
2026-R06,2026,6,B0,bottas,True,18.0,22,-1.4337023496627808,-1.4337023496627808,19.0,22
2026-R06,2026,6,B0,colapinto,True,7.0,14,-0.40914976596832275,-0.40914976596832275,8.0,11
2026-R06,2026,6,B0,gasly,False,21.0,9,-0.15502654016017914,-0.15502654016017914,9.0,9
2026-R06,2026,6,B0,hadjar,False,22.0,8,0.1247175931930542,0.1247175931930542,22.0,8
2026-R06,2026,6,B0,hamilton,True,6.0,7,0.6542916297912598,0.6542916297912598,6.0,7
2026-R06,2026,6,B0,hulkenberg,False,19.0,15,-0.4956618547439575,-0.4956618547439575,10.0,13
2026-R06,2026,6,B0,lawson,False,20.0,13,-0.4087650179862976,-0.4087650179862976,11.0,16
2026-R06,2026,6,B0,leclerc,True,8.0,1,1.5330226421356201,1.5330226421356201,3.0,2
2026-R06,2026,6,B0,max_verstappen,True,5.0,6,0.9301323890686035,0.9301323890686035,2.0,6
2026-R06,2026,6,B0,norris,True,2.0,5,0.9855781197547913,0.9855781197547913,4.0,1
2026-R06,2026,6,B0,ocon,True,13.0,16,-0.5042036175727844,-0.5042036175727844,14.0,15
2026-R06,2026,6,B0,perez,True,16.0,21,-1.2145389318466187,-1.2145389318466187,20.0,20
2026-R06,2026,6,B0,piastri,True,3.0,4,1.1593832969665527,1.1593832969665527,7.0,5
2026-R06,2026,6,B0,russell,True,4.0,2,1.4522162675857544,1.4522162675857544,5.0,4
2026-R06,2026,6,B0,sainz,True,9.0,10,-0.17343784868717194,-0.17343784868717194,13.0,14
2026-R06,2026,6,B0,stroll,True,17.0,20,-1.1612149477005005,-1.1612149477005005,18.0,19
2026-R06,2026,6,B1,albon,True,10.0,17,-0.5515199899673462,-0.5515199899673462,15.0,17
2026-R06,2026,6,B1,alonso,True,15.0,19,-0.936080276966095,-0.936080276966095,17.0,21
2026-R06,2026,6,B1,antonelli,True,1.0,4,1.1300549507141113,1.1300549507141113,1.0,3
2026-R06,2026,6,B1,arvid_lindblad,True,14.0,18,-0.765362560749054,-0.765362560749054,16.0,18
2026-R06,2026,6,B1,bearman,True,11.0,10,-0.2353212833404541,-0.2353212833404541,12.0,12
2026-R06,2026,6,B1,bortoleto,True,12.0,12,-0.3255009651184082,-0.3255009651184082,21.0,10
2026-R06,2026,6,B1,bottas,True,18.0,22,-1.2838692665100098,-1.2838692665100098,19.0,22
2026-R06,2026,6,B1,colapinto,True,7.0,13,-0.38613492250442505,-0.38613492250442505,8.0,11
2026-R06,2026,6,B1,gasly,False,21.0,9,-0.05614582076668739,-0.05614582076668739,9.0,9
2026-R06,2026,6,B1,hadjar,False,22.0,8,0.10035624355077744,0.10035624355077744,22.0,8
2026-R06,2026,6,B1,hamilton,True,6.0,7,0.6236855387687683,0.6236855387687683,6.0,7
2026-R06,2026,6,B1,hulkenberg,False,19.0,16,-0.4976920187473297,-0.4976920187473297,10.0,13
2026-R06,2026,6,B1,lawson,False,20.0,15,-0.4522407054901123,-0.4522407054901123,11.0,16
2026-R06,2026,6,B1,leclerc,True,8.0,1,1.511958122253418,1.511958122253418,3.0,1
2026-R06,2026,6,B1,max_verstappen,True,5.0,3,1.160373568534851,1.160373568534851,2.0,6
2026-R06,2026,6,B1,norris,True,2.0,5,1.0933818817138672,1.0933818817138672,4.0,2
2026-R06,2026,6,B1,ocon,True,13.0,14,-0.44644230604171753,-0.44644230604171753,14.0,15
2026-R06,2026,6,B1,perez,True,16.0,21,-1.1747709512710571,-1.1747709512710571,20.0,19
2026-R06,2026,6,B1,piastri,True,3.0,6,1.0701810121536255,1.0701810121536255,7.0,4
2026-R06,2026,6,B1,russell,True,4.0,2,1.5026651620864868,1.5026651620864868,5.0,5
2026-R06,2026,6,B1,sainz,True,9.0,11,-0.24243684113025665,-0.24243684113025665,13.0,14
2026-R06,2026,6,B1,stroll,True,17.0,20,-1.1135904788970947,-1.1135904788970947,18.0,20
2026-R06,2026,6,B3,albon,True,10.0,17,-0.5515199899673462,-0.5515199899673462,15.0,17
2026-R06,2026,6,B3,alonso,True,15.0,19,-0.936080276966095,-0.936080276966095,17.0,21
2026-R06,2026,6,B3,antonelli,True,1.0,4,1.1300549507141113,1.1300549507141113,1.0,3
2026-R06,2026,6,B3,arvid_lindblad,True,14.0,18,-0.765362560749054,-0.765362560749054,16.0,18
2026-R06,2026,6,B3,bearman,True,11.0,10,-0.2353212833404541,-0.2353212833404541,12.0,12
2026-R06,2026,6,B3,bortoleto,True,12.0,12,-0.3255009651184082,-0.3255009651184082,21.0,10
2026-R06,2026,6,B3,bottas,True,18.0,22,-1.2838692665100098,-1.2838692665100098,19.0,22
2026-R06,2026,6,B3,colapinto,True,7.0,13,-0.38613492250442505,-0.38613492250442505,8.0,11
2026-R06,2026,6,B3,gasly,False,21.0,9,-0.05614582076668739,-0.05614582076668739,9.0,9
2026-R06,2026,6,B3,hadjar,False,22.0,8,0.10035624355077744,0.10035624355077744,22.0,8
2026-R06,2026,6,B3,hamilton,True,6.0,7,0.6236855387687683,0.6236855387687683,6.0,7
2026-R06,2026,6,B3,hulkenberg,False,19.0,16,-0.4976920187473297,-0.4976920187473297,10.0,13
2026-R06,2026,6,B3,lawson,False,20.0,15,-0.4522407054901123,-0.4522407054901123,11.0,16
2026-R06,2026,6,B3,leclerc,True,8.0,1,1.511958122253418,1.511958122253418,3.0,1
2026-R06,2026,6,B3,max_verstappen,True,5.0,3,1.160373568534851,1.160373568534851,2.0,6
2026-R06,2026,6,B3,norris,True,2.0,5,1.0933818817138672,1.0933818817138672,4.0,2
2026-R06,2026,6,B3,ocon,True,13.0,14,-0.44644230604171753,-0.44644230604171753,14.0,15
2026-R06,2026,6,B3,perez,True,16.0,21,-1.1747709512710571,-1.1747709512710571,20.0,19
2026-R06,2026,6,B3,piastri,True,3.0,6,1.0701810121536255,1.0701810121536255,7.0,4
2026-R06,2026,6,B3,russell,True,4.0,2,1.5026651620864868,1.5026651620864868,5.0,5
2026-R06,2026,6,B3,sainz,True,9.0,11,-0.24243684113025665,-0.24243684113025665,13.0,14
2026-R06,2026,6,B3,stroll,True,17.0,20,-1.1135904788970947,-1.1135904788970947,18.0,20
2026-R06,2026,6,B2,albon,True,10.0,17,-0.5627407431602478,-0.5627407431602478,15.0,17
2026-R06,2026,6,B2,alonso,True,15.0,19,-0.9265617728233337,-0.9265617728233337,17.0,21
2026-R06,2026,6,B2,antonelli,True,1.0,6,1.0764459371566772,1.0764459371566772,1.0,3
2026-R06,2026,6,B2,arvid_lindblad,True,14.0,18,-0.6958507299423218,-0.6958507299423218,16.0,18
2026-R06,2026,6,B2,bearman,True,11.0,10,-0.18538692593574524,-0.18538692593574524,12.0,12
2026-R06,2026,6,B2,bortoleto,True,12.0,12,-0.26505836844444275,-0.26505836844444275,21.0,10
2026-R06,2026,6,B2,bottas,True,18.0,22,-1.1986545324325562,-1.1986545324325562,19.0,22
2026-R06,2026,6,B2,colapinto,True,7.0,13,-0.34375718235969543,-0.34375718235969543,8.0,11
2026-R06,2026,6,B2,gasly,False,21.0,9,-0.12754495441913605,-0.12754495441913605,9.0,9
2026-R06,2026,6,B2,hadjar,False,22.0,8,0.1939200758934021,0.1939200758934021,22.0,8
2026-R06,2026,6,B2,hamilton,True,6.0,7,0.720466136932373,0.720466136932373,6.0,7
2026-R06,2026,6,B2,hulkenberg,False,19.0,16,-0.4966779947280884,-0.4966779947280884,10.0,13
2026-R06,2026,6,B2,lawson,False,20.0,15,-0.4641842246055603,-0.4641842246055603,11.0,16
2026-R06,2026,6,B2,leclerc,True,8.0,1,1.5156233310699463,1.5156233310699463,3.0,1
2026-R06,2026,6,B2,max_verstappen,True,5.0,5,1.0843050479888916,1.0843050479888916,2.0,6
2026-R06,2026,6,B2,norris,True,2.0,4,1.0885231494903564,1.0885231494903564,4.0,2
2026-R06,2026,6,B2,ocon,True,13.0,14,-0.45277488231658936,-0.45277488231658936,14.0,15
2026-R06,2026,6,B2,perez,True,16.0,20,-1.0567972660064697,-1.0567972660064697,20.0,19
2026-R06,2026,6,B2,piastri,True,3.0,3,1.1708260774612427,1.1708260774612427,7.0,4
2026-R06,2026,6,B2,russell,True,4.0,2,1.3841562271118164,1.3841562271118164,5.0,5
2026-R06,2026,6,B2,sainz,True,9.0,11,-0.19381745159626007,-0.19381745159626007,13.0,14
2026-R06,2026,6,B2,stroll,True,17.0,21,-1.1725965738296509,-1.1725965738296509,18.0,20
2026-R06,2026,6,B4,albon,True,10.0,17,-0.5627407431602478,-0.5627407431602478,15.0,17
2026-R06,2026,6,B4,alonso,True,15.0,19,-0.9265617728233337,-0.9265617728233337,17.0,21
2026-R06,2026,6,B4,antonelli,True,1.0,6,1.0764459371566772,1.0764459371566772,1.0,3
2026-R06,2026,6,B4,arvid_lindblad,True,14.0,18,-0.6958507299423218,-0.6958507299423218,16.0,18
2026-R06,2026,6,B4,bearman,True,11.0,10,-0.18538692593574524,-0.18538692593574524,12.0,12
2026-R06,2026,6,B4,bortoleto,True,12.0,12,-0.26505836844444275,-0.26505836844444275,21.0,10
2026-R06,2026,6,B4,bottas,True,18.0,22,-1.1986545324325562,-1.1986545324325562,19.0,22
2026-R06,2026,6,B4,colapinto,True,7.0,13,-0.34375718235969543,-0.34375718235969543,8.0,11
2026-R06,2026,6,B4,gasly,False,21.0,9,-0.12754495441913605,-0.12754495441913605,9.0,9
2026-R06,2026,6,B4,hadjar,False,22.0,8,0.1939200758934021,0.1939200758934021,22.0,8
2026-R06,2026,6,B4,hamilton,True,6.0,7,0.720466136932373,0.720466136932373,6.0,7
2026-R06,2026,6,B4,hulkenberg,False,19.0,16,-0.4966779947280884,-0.4966779947280884,10.0,13
2026-R06,2026,6,B4,lawson,False,20.0,15,-0.4641842246055603,-0.4641842246055603,11.0,16
2026-R06,2026,6,B4,leclerc,True,8.0,1,1.5156233310699463,1.5156233310699463,3.0,1
2026-R06,2026,6,B4,max_verstappen,True,5.0,5,1.0843050479888916,1.0843050479888916,2.0,6
2026-R06,2026,6,B4,norris,True,2.0,4,1.0885231494903564,1.0885231494903564,4.0,2
2026-R06,2026,6,B4,ocon,True,13.0,14,-0.45277488231658936,-0.45277488231658936,14.0,15
2026-R06,2026,6,B4,perez,True,16.0,20,-1.0567972660064697,-1.0567972660064697,20.0,19
2026-R06,2026,6,B4,piastri,True,3.0,3,1.1708260774612427,1.1708260774612427,7.0,4
2026-R06,2026,6,B4,russell,True,4.0,2,1.3841562271118164,1.3841562271118164,5.0,5
2026-R06,2026,6,B4,sainz,True,9.0,11,-0.19381745159626007,-0.19381745159626007,13.0,14
2026-R06,2026,6,B4,stroll,True,17.0,21,-1.1725965738296509,-1.1725965738296509,18.0,20
2026-R07,2026,7,B0,albon,False,21.0,19,-0.7148565649986267,-0.7148565649986267,18.0,19
2026-R07,2026,7,B0,alonso,False,20.0,18,-0.6469231247901917,-0.6469231247901917,19.0,14
2026-R07,2026,7,B0,antonelli,True,1.0,1,1.4950746297836304,1.4950746297836304,2.0,1
2026-R07,2026,7,B0,arvid_lindblad,False,22.0,9,-0.20363560318946838,-0.20363560318946838,9.0,9
2026-R07,2026,7,B0,bearman,True,10.0,17,-0.5842662453651428,-0.5842662453651428,16.0,18
2026-R07,2026,7,B0,bortoleto,True,13.0,11,-0.36224284768104553,-0.36224284768104553,13.0,13
2026-R07,2026,7,B0,bottas,True,16.0,21,-1.2197518348693848,-1.2197518348693848,22.0,22
2026-R07,2026,7,B0,colapinto,True,6.0,13,-0.46451258659362793,-0.46451258659362793,10.0,15
2026-R07,2026,7,B0,gasly,True,8.0,15,-0.5574977397918701,-0.5574977397918701,14.0,16
2026-R07,2026,7,B0,hadjar,True,5.0,8,0.12178632616996765,0.12178632616996765,7.0,8
2026-R07,2026,7,B0,hamilton,True,2.0,5,1.019057273864746,1.019057273864746,5.0,6
2026-R07,2026,7,B0,hulkenberg,True,12.0,16,-0.5754795074462891,-0.5754795074462891,11.0,10
2026-R07,2026,7,B0,lawson,True,7.0,14,-0.4888231158256531,-0.4888231158256531,12.0,17
2026-R07,2026,7,B0,leclerc,True,4.0,6,0.9744452238082886,0.9744452238082886,8.0,5
2026-R07,2026,7,B0,max_verstappen,True,3.0,7,0.8835521936416626,0.8835521936416626,6.0,7
2026-R07,2026,7,B0,norris,False,18.0,4,1.1507593393325806,1.1507593393325806,3.0,4
2026-R07,2026,7,B0,ocon,True,14.0,10,-0.2629128098487854,-0.2629128098487854,17.0,12
2026-R07,2026,7,B0,perez,False,17.0,22,-1.3561882972717285,-1.3561882972717285,20.0,21
2026-R07,2026,7,B0,piastri,True,11.0,3,1.2141185998916626,1.2141185998916626,4.0,3
2026-R07,2026,7,B0,russell,False,19.0,2,1.3430759906768799,1.3430759906768799,1.0,2
2026-R07,2026,7,B0,sainz,True,9.0,12,-0.44346460700035095,-0.44346460700035095,15.0,11
2026-R07,2026,7,B0,stroll,True,15.0,20,-1.0679278373718262,-1.0679278373718262,21.0,20
2026-R07,2026,7,B1,albon,False,21.0,19,-0.5872408747673035,-0.5872408747673035,18.0,19
2026-R07,2026,7,B1,alonso,False,20.0,18,-0.5267550349235535,-0.5267550349235535,19.0,14
2026-R07,2026,7,B1,antonelli,True,1.0,1,1.532355546951294,1.532355546951294,2.0,1
2026-R07,2026,7,B1,arvid_lindblad,False,22.0,9,-0.11031709611415863,-0.11031709611415863,9.0,8
2026-R07,2026,7,B1,bearman,True,10.0,12,-0.42770132422447205,-0.42770132422447205,16.0,18
2026-R07,2026,7,B1,bortoleto,True,13.0,13,-0.4475440979003906,-0.4475440979003906,13.0,13
2026-R07,2026,7,B1,bottas,True,16.0,21,-1.2780346870422363,-1.2780346870422363,22.0,22
2026-R07,2026,7,B1,colapinto,True,6.0,17,-0.5020092129707336,-0.5020092129707336,10.0,15
2026-R07,2026,7,B1,gasly,True,8.0,15,-0.49495354294776917,-0.49495354294776917,14.0,16
2026-R07,2026,7,B1,hadjar,True,5.0,8,0.06760841608047485,0.06760841608047485,7.0,9
2026-R07,2026,7,B1,hamilton,True,2.0,5,1.004394292831421,1.004394292831421,5.0,6
2026-R07,2026,7,B1,hulkenberg,True,12.0,14,-0.46412965655326843,-0.46412965655326843,11.0,10
2026-R07,2026,7,B1,lawson,True,7.0,16,-0.4997004568576813,-0.4997004568576813,12.0,17
2026-R07,2026,7,B1,leclerc,True,4.0,6,0.9163416028022766,0.9163416028022766,8.0,5
2026-R07,2026,7,B1,max_verstappen,True,3.0,7,0.8717134594917297,0.8717134594917297,6.0,7
2026-R07,2026,7,B1,norris,False,18.0,3,1.2069884538650513,1.2069884538650513,3.0,4
2026-R07,2026,7,B1,ocon,True,14.0,10,-0.30212706327438354,-0.30212706327438354,17.0,12
2026-R07,2026,7,B1,perez,False,17.0,22,-1.4059367179870605,-1.4059367179870605,20.0,21
2026-R07,2026,7,B1,piastri,True,11.0,4,1.0691652297973633,1.0691652297973633,4.0,3
2026-R07,2026,7,B1,russell,False,19.0,2,1.3848998546600342,1.3848998546600342,1.0,2
2026-R07,2026,7,B1,sainz,True,9.0,11,-0.3954826891422272,-0.3954826891422272,15.0,11
2026-R07,2026,7,B1,stroll,True,15.0,20,-1.0769460201263428,-1.0769460201263428,21.0,20
2026-R07,2026,7,B3,albon,False,21.0,19,-0.5872408747673035,-0.5872408747673035,18.0,19
2026-R07,2026,7,B3,alonso,False,20.0,18,-0.5267550349235535,-0.5267550349235535,19.0,14
2026-R07,2026,7,B3,antonelli,True,1.0,1,1.532355546951294,1.532355546951294,2.0,1
2026-R07,2026,7,B3,arvid_lindblad,False,22.0,9,-0.11031709611415863,-0.11031709611415863,9.0,8
2026-R07,2026,7,B3,bearman,True,10.0,12,-0.42770132422447205,-0.42770132422447205,16.0,18
2026-R07,2026,7,B3,bortoleto,True,13.0,13,-0.4475440979003906,-0.4475440979003906,13.0,13
2026-R07,2026,7,B3,bottas,True,16.0,21,-1.2780346870422363,-1.2780346870422363,22.0,22
2026-R07,2026,7,B3,colapinto,True,6.0,17,-0.5020092129707336,-0.5020092129707336,10.0,15
2026-R07,2026,7,B3,gasly,True,8.0,15,-0.49495354294776917,-0.49495354294776917,14.0,16
2026-R07,2026,7,B3,hadjar,True,5.0,8,0.06760841608047485,0.06760841608047485,7.0,9
2026-R07,2026,7,B3,hamilton,True,2.0,5,1.004394292831421,1.004394292831421,5.0,6
2026-R07,2026,7,B3,hulkenberg,True,12.0,14,-0.46412965655326843,-0.46412965655326843,11.0,10
2026-R07,2026,7,B3,lawson,True,7.0,16,-0.4997004568576813,-0.4997004568576813,12.0,17
2026-R07,2026,7,B3,leclerc,True,4.0,6,0.9163416028022766,0.9163416028022766,8.0,5
2026-R07,2026,7,B3,max_verstappen,True,3.0,7,0.8717134594917297,0.8717134594917297,6.0,7
2026-R07,2026,7,B3,norris,False,18.0,3,1.2069884538650513,1.2069884538650513,3.0,4
2026-R07,2026,7,B3,ocon,True,14.0,10,-0.30212706327438354,-0.30212706327438354,17.0,12
2026-R07,2026,7,B3,perez,False,17.0,22,-1.4059367179870605,-1.4059367179870605,20.0,21
2026-R07,2026,7,B3,piastri,True,11.0,4,1.0691652297973633,1.0691652297973633,4.0,3
2026-R07,2026,7,B3,russell,False,19.0,2,1.3848998546600342,1.3848998546600342,1.0,2
2026-R07,2026,7,B3,sainz,True,9.0,11,-0.3954826891422272,-0.3954826891422272,15.0,11
2026-R07,2026,7,B3,stroll,True,15.0,20,-1.0769460201263428,-1.0769460201263428,21.0,20
2026-R07,2026,7,B2,albon,False,21.0,18,-0.6835235357284546,-0.6835235357284546,18.0,19
2026-R07,2026,7,B2,alonso,False,20.0,16,-0.532117486000061,-0.532117486000061,19.0,14
2026-R07,2026,7,B2,antonelli,True,1.0,1,1.561682105064392,1.561682105064392,2.0,1
2026-R07,2026,7,B2,arvid_lindblad,False,22.0,9,-0.14337413012981415,-0.14337413012981415,9.0,8
2026-R07,2026,7,B2,bearman,True,10.0,15,-0.5288457274436951,-0.5288457274436951,16.0,18
2026-R07,2026,7,B2,bortoleto,True,13.0,14,-0.47210049629211426,-0.47210049629211426,13.0,13
2026-R07,2026,7,B2,bottas,True,16.0,21,-1.382885217666626,-1.382885217666626,22.0,22
2026-R07,2026,7,B2,colapinto,True,6.0,17,-0.5499192476272583,-0.5499192476272583,10.0,15
2026-R07,2026,7,B2,gasly,True,8.0,19,-0.704407274723053,-0.704407274723053,14.0,16
2026-R07,2026,7,B2,hadjar,True,5.0,8,0.13257953524589539,0.13257953524589539,7.0,9
2026-R07,2026,7,B2,hamilton,True,2.0,5,0.9537397623062134,0.9537397623062134,5.0,6
2026-R07,2026,7,B2,hulkenberg,True,12.0,12,-0.4156213104724884,-0.4156213104724884,11.0,10
2026-R07,2026,7,B2,lawson,True,7.0,13,-0.454647421836853,-0.454647421836853,12.0,17
2026-R07,2026,7,B2,leclerc,True,4.0,6,0.8648589253425598,0.8648589253425598,8.0,5
2026-R07,2026,7,B2,max_verstappen,True,3.0,7,0.774148166179657,0.774148166179657,6.0,7
2026-R07,2026,7,B2,norris,False,18.0,3,1.153273344039917,1.153273344039917,3.0,4
2026-R07,2026,7,B2,ocon,True,14.0,10,-0.21265967190265656,-0.21265967190265656,17.0,12
2026-R07,2026,7,B2,perez,False,17.0,22,-1.4980746507644653,-1.4980746507644653,20.0,21
2026-R07,2026,7,B2,piastri,True,11.0,4,1.1381200551986694,1.1381200551986694,4.0,3
2026-R07,2026,7,B2,russell,False,19.0,2,1.2585136890411377,1.2585136890411377,1.0,2
2026-R07,2026,7,B2,sainz,True,9.0,11,-0.37195339798927307,-0.37195339798927307,15.0,11
2026-R07,2026,7,B2,stroll,True,15.0,20,-1.067312240600586,-1.067312240600586,21.0,20
2026-R07,2026,7,B4,albon,False,21.0,18,-0.6835235357284546,-0.6835235357284546,18.0,19
2026-R07,2026,7,B4,alonso,False,20.0,16,-0.532117486000061,-0.532117486000061,19.0,14
2026-R07,2026,7,B4,antonelli,True,1.0,1,1.561682105064392,1.561682105064392,2.0,1
2026-R07,2026,7,B4,arvid_lindblad,False,22.0,9,-0.14337413012981415,-0.14337413012981415,9.0,8
2026-R07,2026,7,B4,bearman,True,10.0,15,-0.5288457274436951,-0.5288457274436951,16.0,18
2026-R07,2026,7,B4,bortoleto,True,13.0,14,-0.47210049629211426,-0.47210049629211426,13.0,13
2026-R07,2026,7,B4,bottas,True,16.0,21,-1.382885217666626,-1.382885217666626,22.0,22
2026-R07,2026,7,B4,colapinto,True,6.0,17,-0.5499192476272583,-0.5499192476272583,10.0,15
2026-R07,2026,7,B4,gasly,True,8.0,19,-0.704407274723053,-0.704407274723053,14.0,16
2026-R07,2026,7,B4,hadjar,True,5.0,8,0.13257953524589539,0.13257953524589539,7.0,9
2026-R07,2026,7,B4,hamilton,True,2.0,5,0.9537397623062134,0.9537397623062134,5.0,6
2026-R07,2026,7,B4,hulkenberg,True,12.0,12,-0.4156213104724884,-0.4156213104724884,11.0,10
2026-R07,2026,7,B4,lawson,True,7.0,13,-0.454647421836853,-0.454647421836853,12.0,17
2026-R07,2026,7,B4,leclerc,True,4.0,6,0.8648589253425598,0.8648589253425598,8.0,5
2026-R07,2026,7,B4,max_verstappen,True,3.0,7,0.774148166179657,0.774148166179657,6.0,7
2026-R07,2026,7,B4,norris,False,18.0,3,1.153273344039917,1.153273344039917,3.0,4
2026-R07,2026,7,B4,ocon,True,14.0,10,-0.21265967190265656,-0.21265967190265656,17.0,12
2026-R07,2026,7,B4,perez,False,17.0,22,-1.4980746507644653,-1.4980746507644653,20.0,21
2026-R07,2026,7,B4,piastri,True,11.0,4,1.1381200551986694,1.1381200551986694,4.0,3
2026-R07,2026,7,B4,russell,False,19.0,2,1.2585136890411377,1.2585136890411377,1.0,2
2026-R07,2026,7,B4,sainz,True,9.0,11,-0.37195339798927307,-0.37195339798927307,15.0,11
2026-R07,2026,7,B4,stroll,True,15.0,20,-1.067312240600586,-1.067312240600586,21.0,20
2026-R08,2026,8,B0,albon,True,8.0,18,-0.37478774785995483,-0.37478774785995483,11.0,18
2026-R08,2026,8,B0,alonso,True,10.0,19,-1.1786803007125854,-1.1786803007125854,21.0,19
2026-R08,2026,8,B0,antonelli,True,1.0,1,1.5192748308181763,1.5192748308181763,1.0,1
2026-R08,2026,8,B0,arvid_lindblad,True,7.0,17,-0.312387615442276,-0.312387615442276,15.0,12
2026-R08,2026,8,B0,bearman,False,20.0,16,-0.25017422437667847,-0.25017422437667847,19.0,16
2026-R08,2026,8,B0,bortoleto,True,11.0,10,-0.03401889279484749,-0.03401889279484749,16.0,10
2026-R08,2026,8,B0,bottas,False,21.0,21,-1.572725534439087,-1.572725534439087,20.0,22
2026-R08,2026,8,B0,colapinto,True,14.0,13,-0.21766778826713562,-0.21766778826713562,14.0,15
2026-R08,2026,8,B0,gasly,True,3.0,11,-0.10326163470745087,-0.10326163470745087,9.0,13
2026-R08,2026,8,B0,hadjar,True,4.0,8,0.16389553248882294,0.16389553248882294,5.0,8
2026-R08,2026,8,B0,hamilton,True,2.0,3,1.3642996549606323,1.3642996549606323,3.0,5
2026-R08,2026,8,B0,hulkenberg,True,13.0,9,0.15214265882968903,0.15214265882968903,13.0,9
2026-R08,2026,8,B0,lawson,True,6.0,15,-0.22498719394207,-0.22498719394207,10.0,11
2026-R08,2026,8,B0,leclerc,False,17.0,2,1.4117374420166016,1.4117374420166016,4.0,4
2026-R08,2026,8,B0,max_verstappen,False,22.0,5,1.0093413591384888,1.0093413591384888,2.0,6
2026-R08,2026,8,B0,norris,False,19.0,7,0.5488646626472473,0.5488646626472473,8.0,7
2026-R08,2026,8,B0,ocon,True,9.0,14,-0.21770016849040985,-0.21770016849040985,17.0,14
2026-R08,2026,8,B0,perez,True,15.0,22,-1.6112548112869263,-1.6112548112869263,18.0,21
2026-R08,2026,8,B0,piastri,True,5.0,6,0.7038832306861877,0.7038832306861877,7.0,3
2026-R08,2026,8,B0,russell,True,12.0,4,1.2962275743484497,1.2962275743484497,6.0,2
2026-R08,2026,8,B0,sainz,False,16.0,12,-0.1266794055700302,-0.1266794055700302,12.0,17
2026-R08,2026,8,B0,stroll,False,18.0,20,-1.5220699310302734,-1.5220699310302734,22.0,20
2026-R08,2026,8,B1,albon,True,8.0,18,-0.38207536935806274,-0.38207536935806274,11.0,18
2026-R08,2026,8,B1,alonso,True,10.0,19,-1.158647060394287,-1.158647060394287,21.0,20
2026-R08,2026,8,B1,antonelli,True,1.0,1,1.6661584377288818,1.6661584377288818,1.0,1
2026-R08,2026,8,B1,arvid_lindblad,True,7.0,15,-0.28413575887680054,-0.28413575887680054,15.0,16
2026-R08,2026,8,B1,bearman,False,20.0,17,-0.2971409559249878,-0.2971409559249878,19.0,13
2026-R08,2026,8,B1,bortoleto,True,11.0,12,-0.1558437943458557,-0.1558437943458557,16.0,9
2026-R08,2026,8,B1,bottas,False,21.0,21,-1.5434297323226929,-1.5434297323226929,20.0,21
2026-R08,2026,8,B1,colapinto,True,14.0,14,-0.23593521118164062,-0.23593521118164062,14.0,17
2026-R08,2026,8,B1,gasly,True,3.0,11,-0.12569592893123627,-0.12569592893123627,9.0,12
2026-R08,2026,8,B1,hadjar,True,4.0,8,0.2297239452600479,0.2297239452600479,5.0,7
2026-R08,2026,8,B1,hamilton,True,2.0,3,1.441395878791809,1.441395878791809,3.0,3
2026-R08,2026,8,B1,hulkenberg,True,13.0,9,0.18466439843177795,0.18466439843177795,13.0,10
2026-R08,2026,8,B1,lawson,True,6.0,16,-0.2946646511554718,-0.2946646511554718,10.0,14
2026-R08,2026,8,B1,leclerc,False,17.0,2,1.444575548171997,1.444575548171997,4.0,2
2026-R08,2026,8,B1,max_verstappen,False,22.0,5,0.8582204580307007,0.8582204580307007,2.0,5
2026-R08,2026,8,B1,norris,False,19.0,7,0.7220013737678528,0.7220013737678528,8.0,8
2026-R08,2026,8,B1,ocon,True,9.0,13,-0.22003550827503204,-0.22003550827503204,17.0,11
2026-R08,2026,8,B1,perez,True,15.0,20,-1.5145260095596313,-1.5145260095596313,18.0,19
2026-R08,2026,8,B1,piastri,True,5.0,6,0.7806085348129272,0.7806085348129272,7.0,6
2026-R08,2026,8,B1,russell,True,12.0,4,1.1748756170272827,1.1748756170272827,6.0,4
2026-R08,2026,8,B1,sainz,False,16.0,10,-0.06310544162988663,-0.06310544162988663,12.0,15
2026-R08,2026,8,B1,stroll,False,18.0,22,-1.6312522888183594,-1.6312522888183594,22.0,22
2026-R08,2026,8,B3,albon,True,8.0,18,-0.38207536935806274,-0.9360705232265998,11.0,18
2026-R08,2026,8,B3,alonso,True,10.0,20,-1.158647060394287,-1.3277933351594882,21.0,20
2026-R08,2026,8,B3,antonelli,True,1.0,1,1.6661584377288818,1.6680035997385427,1.0,1
2026-R08,2026,8,B3,arvid_lindblad,True,7.0,16,-0.28413575887680054,-0.6525039655542069,15.0,16
2026-R08,2026,8,B3,bearman,False,20.0,13,-0.2971409559249878,-0.25264034759364945,19.0,13
2026-R08,2026,8,B3,bortoleto,True,11.0,9,-0.1558437943458557,0.30579381103823844,16.0,9
2026-R08,2026,8,B3,bottas,False,21.0,21,-1.5434297323226929,-1.523096426621883,20.0,21
2026-R08,2026,8,B3,colapinto,True,14.0,17,-0.23593521118164062,-0.7788008244290732,14.0,17
2026-R08,2026,8,B3,gasly,True,3.0,12,-0.12569592893123627,-0.09133771268205415,9.0,12
2026-R08,2026,8,B3,hadjar,True,4.0,7,0.2297239452600479,0.6352007908737504,5.0,7
2026-R08,2026,8,B3,hamilton,True,2.0,3,1.441395878791809,1.3642247717472529,3.0,3
2026-R08,2026,8,B3,hulkenberg,True,13.0,10,0.18466439843177795,0.2260831671238748,13.0,10
2026-R08,2026,8,B3,lawson,True,6.0,14,-0.2946646511554718,-0.3862244582584553,10.0,14
2026-R08,2026,8,B3,leclerc,False,17.0,2,1.444575548171997,1.498710297178254,4.0,2
2026-R08,2026,8,B3,max_verstappen,False,22.0,5,0.8582204580307007,1.003324281334741,2.0,5
2026-R08,2026,8,B3,norris,False,19.0,8,0.7220013737678528,0.5796782048465559,8.0,8
2026-R08,2026,8,B3,ocon,True,9.0,11,-0.22003550827503204,0.027605787898517954,17.0,11
2026-R08,2026,8,B3,perez,True,15.0,19,-1.5145260095596313,-1.2505323889291564,18.0,19
2026-R08,2026,8,B3,piastri,True,5.0,6,0.7806085348129272,0.8569761959070824,7.0,6
2026-R08,2026,8,B3,russell,True,12.0,4,1.1748756170272827,1.1877696240671258,6.0,4
2026-R08,2026,8,B3,sainz,False,16.0,15,-0.06310544162988663,-0.48329872860850814,12.0,15
2026-R08,2026,8,B3,stroll,False,18.0,22,-1.6312522888183594,-1.671071820690862,22.0,22
2026-R08,2026,8,B2,albon,True,8.0,18,-0.44214820861816406,-0.44214820861816406,11.0,18
2026-R08,2026,8,B2,alonso,True,10.0,19,-1.0120269060134888,-1.0120269060134888,21.0,20
2026-R08,2026,8,B2,antonelli,True,1.0,1,1.6515504121780396,1.6515504121780396,1.0,1
2026-R08,2026,8,B2,arvid_lindblad,True,7.0,15,-0.2059602290391922,-0.2059602290391922,15.0,17
2026-R08,2026,8,B2,bearman,False,20.0,17,-0.37838849425315857,-0.37838849425315857,19.0,13
2026-R08,2026,8,B2,bortoleto,True,11.0,11,-0.07998047769069672,-0.07998047769069672,16.0,8
2026-R08,2026,8,B2,bottas,False,21.0,21,-1.5425366163253784,-1.5425366163253784,20.0,21
2026-R08,2026,8,B2,colapinto,True,14.0,14,-0.20452654361724854,-0.20452654361724854,14.0,16
2026-R08,2026,8,B2,gasly,True,3.0,10,-0.049668267369270325,-0.049668267369270325,9.0,12
2026-R08,2026,8,B2,hadjar,True,4.0,8,0.21191009879112244,0.21191009879112244,5.0,7
2026-R08,2026,8,B2,hamilton,True,2.0,2,1.3079839944839478,1.3079839944839478,3.0,3
2026-R08,2026,8,B2,hulkenberg,True,13.0,9,0.08094311505556107,0.08094311505556107,13.0,10
2026-R08,2026,8,B2,lawson,True,6.0,16,-0.21278990805149078,-0.21278990805149078,10.0,15
2026-R08,2026,8,B2,leclerc,False,17.0,3,1.286097764968872,1.286097764968872,4.0,2
2026-R08,2026,8,B2,max_verstappen,False,22.0,5,0.93958979845047,0.93958979845047,2.0,5
2026-R08,2026,8,B2,norris,False,19.0,7,0.5434468388557434,0.5434468388557434,8.0,9
2026-R08,2026,8,B2,ocon,True,9.0,13,-0.13033699989318848,-0.13033699989318848,17.0,11
2026-R08,2026,8,B2,perez,True,15.0,22,-1.5716794729232788,-1.5716794729232788,18.0,19
2026-R08,2026,8,B2,piastri,True,5.0,6,0.6891735792160034,0.6891735792160034,7.0,6
2026-R08,2026,8,B2,russell,True,12.0,4,1.1125346422195435,1.1125346422195435,6.0,4
2026-R08,2026,8,B2,sainz,False,16.0,12,-0.11762186884880066,-0.11762186884880066,12.0,14
2026-R08,2026,8,B2,stroll,False,18.0,20,-1.405942678451538,-1.405942678451538,22.0,22
2026-R08,2026,8,B4,albon,True,8.0,18,-0.44214820861816406,-0.9490757890780928,11.0,18
2026-R08,2026,8,B4,alonso,True,10.0,20,-1.0120269060134888,-1.3131991938950447,21.0,20
2026-R08,2026,8,B4,antonelli,True,1.0,1,1.6515504121780396,1.6818706526236435,1.0,1
2026-R08,2026,8,B4,arvid_lindblad,True,7.0,17,-0.2059602290391922,-0.7752407806754232,15.0,17
2026-R08,2026,8,B4,bearman,False,20.0,13,-0.37838849425315857,-0.26842262215044344,19.0,13
2026-R08,2026,8,B4,bortoleto,True,11.0,8,-0.07998047769069672,0.45182696670457184,16.0,8
2026-R08,2026,8,B4,bottas,False,21.0,21,-1.5425366163253784,-1.5367003934585022,20.0,21
2026-R08,2026,8,B4,colapinto,True,14.0,16,-0.20452654361724854,-0.6410200801268993,14.0,16
2026-R08,2026,8,B4,gasly,True,3.0,12,-0.049668267369270325,-0.07897298593303836,9.0,12
2026-R08,2026,8,B4,hadjar,True,4.0,7,0.21191009879112244,0.6350616746096871,5.0,7
2026-R08,2026,8,B4,hamilton,True,2.0,3,1.3079839944839478,1.355936982957016,3.0,3
2026-R08,2026,8,B4,hulkenberg,True,13.0,10,0.08094311505556107,0.21102495631041374,13.0,10
2026-R08,2026,8,B4,lawson,True,6.0,15,-0.21278990805149078,-0.5084357369436766,10.0,15
2026-R08,2026,8,B4,leclerc,False,17.0,2,1.286097764968872,1.4862224954708976,4.0,2
2026-R08,2026,8,B4,max_verstappen,False,22.0,5,0.93958979845047,1.025813676385118,2.0,5
2026-R08,2026,8,B4,norris,False,19.0,9,0.5434468388557434,0.42305028449408044,8.0,9
2026-R08,2026,8,B4,ocon,True,9.0,11,-0.13033699989318848,0.0413930992110851,17.0,11
2026-R08,2026,8,B4,perez,True,15.0,19,-1.5716794729232788,-1.2736606528887457,18.0,19
2026-R08,2026,8,B4,piastri,True,5.0,6,0.6891735792160034,0.8495776815895933,7.0,6
2026-R08,2026,8,B4,russell,True,12.0,4,1.1125346422195435,1.1889765347398782,6.0,4
2026-R08,2026,8,B4,sainz,False,16.0,14,-0.11762186884880066,-0.3583975555668953,12.0,14
2026-R08,2026,8,B4,stroll,False,18.0,22,-1.405942678451538,-1.6476292143792235,22.0,22
2026-R09,2026,9,B0,albon,True,18.0,17,-0.6230533123016357,-0.6230533123016357,18.0,18
2026-R09,2026,9,B0,alonso,False,19.0,19,-1.2305306196212769,-1.2305306196212769,22.0,19
2026-R09,2026,9,B0,antonelli,False,16.0,1,0.9515295028686523,0.9515295028686523,3.0,4
2026-R09,2026,9,B0,arvid_lindblad,True,9.0,9,-0.06850363314151764,-0.06850363314151764,11.0,8
2026-R09,2026,9,B0,bearman,False,17.0,14,-0.3374702036380768,-0.3374702036380768,15.0,15
2026-R09,2026,9,B0,bortoleto,True,11.0,13,-0.2803054749965668,-0.2803054749965668,12.0,11
2026-R09,2026,9,B0,bottas,False,21.0,22,-1.7284293174743652,-1.7284293174743652,20.0,20
2026-R09,2026,9,B0,colapinto,True,10.0,12,-0.2452356070280075,-0.2452356070280075,13.0,13
2026-R09,2026,9,B0,gasly,True,7.0,10,-0.10140279680490494,-0.10140279680490494,14.0,12
2026-R09,2026,9,B0,hadjar,True,6.0,8,0.09780552983283997,0.09780552983283997,6.0,10
2026-R09,2026,9,B0,hamilton,True,1.0,3,0.7378847002983093,0.7378847002983093,2.0,7
2026-R09,2026,9,B0,hulkenberg,False,20.0,15,-0.39439499378204346,-0.39439499378204346,9.0,14
2026-R09,2026,9,B0,lawson,True,8.0,11,-0.19163621962070465,-0.19163621962070465,8.0,9
2026-R09,2026,9,B0,leclerc,False,15.0,5,0.6544851660728455,0.6544851660728455,10.0,3
2026-R09,2026,9,B0,max_verstappen,True,4.0,7,0.2802412211894989,0.2802412211894989,5.0,6
2026-R09,2026,9,B0,norris,True,3.0,6,0.42248067259788513,0.42248067259788513,4.0,5
2026-R09,2026,9,B0,ocon,True,13.0,18,-0.6758118867874146,-0.6758118867874146,17.0,17
2026-R09,2026,9,B0,perez,True,14.0,21,-1.567571997642517,-1.567571997642517,19.0,21
2026-R09,2026,9,B0,piastri,True,5.0,4,0.7047199606895447,0.7047199606895447,7.0,2
2026-R09,2026,9,B0,russell,True,2.0,2,0.8781940340995789,0.8781940340995789,1.0,1
2026-R09,2026,9,B0,sainz,True,12.0,16,-0.47253236174583435,-0.47253236174583435,16.0,16
2026-R09,2026,9,B0,stroll,False,22.0,20,-1.4824845790863037,-1.4824845790863037,21.0,22
2026-R09,2026,9,B1,albon,True,18.0,18,-0.7657345533370972,-0.7657345533370972,18.0,19
2026-R09,2026,9,B1,alonso,False,19.0,19,-1.1974068880081177,-1.1974068880081177,22.0,21
2026-R09,2026,9,B1,antonelli,False,16.0,1,0.9917914867401123,0.9917914867401123,3.0,5
2026-R09,2026,9,B1,arvid_lindblad,True,9.0,12,-0.14740866422653198,-0.14740866422653198,11.0,8
2026-R09,2026,9,B1,bearman,False,17.0,14,-0.3101819157600403,-0.3101819157600403,15.0,15
2026-R09,2026,9,B1,bortoleto,True,11.0,13,-0.2656551003456116,-0.2656551003456116,12.0,10
2026-R09,2026,9,B1,bottas,False,21.0,22,-1.802667260169983,-1.802667260169983,20.0,18
2026-R09,2026,9,B1,colapinto,True,10.0,11,-0.10613526403903961,-0.10613526403903961,13.0,13
2026-R09,2026,9,B1,gasly,True,7.0,9,0.08583773672580719,0.08583773672580719,14.0,14
2026-R09,2026,9,B1,hadjar,True,6.0,7,0.23707111179828644,0.23707111179828644,6.0,11
2026-R09,2026,9,B1,hamilton,True,1.0,5,0.7588761448860168,0.7588761448860168,2.0,7
2026-R09,2026,9,B1,hulkenberg,False,20.0,15,-0.3689587414264679,-0.3689587414264679,9.0,12
2026-R09,2026,9,B1,lawson,True,8.0,10,-0.05791552737355232,-0.05791552737355232,8.0,9
2026-R09,2026,9,B1,leclerc,False,15.0,4,0.7706649899482727,0.7706649899482727,10.0,3
2026-R09,2026,9,B1,max_verstappen,True,4.0,8,0.22808986902236938,0.22808986902236938,5.0,6
2026-R09,2026,9,B1,norris,True,3.0,6,0.6064682006835938,0.6064682006835938,4.0,4
2026-R09,2026,9,B1,ocon,True,13.0,17,-0.7528113126754761,-0.7528113126754761,17.0,17
2026-R09,2026,9,B1,perez,True,14.0,21,-1.5136545896530151,-1.5136545896530151,19.0,20
2026-R09,2026,9,B1,piastri,True,5.0,3,0.8839623332023621,0.8839623332023621,7.0,2
2026-R09,2026,9,B1,russell,True,2.0,2,0.9239426255226135,0.9239426255226135,1.0,1
2026-R09,2026,9,B1,sainz,True,12.0,16,-0.5765155553817749,-0.5765155553817749,16.0,16
2026-R09,2026,9,B1,stroll,False,22.0,20,-1.4497090578079224,-1.4497090578079224,21.0,22
2026-R09,2026,9,B3,albon,True,18.0,18,-0.7657345533370972,-0.7657345533370972,18.0,19
2026-R09,2026,9,B3,alonso,False,19.0,19,-1.1974068880081177,-1.1974068880081177,22.0,21
2026-R09,2026,9,B3,antonelli,False,16.0,1,0.9917914867401123,0.9917914867401123,3.0,5
2026-R09,2026,9,B3,arvid_lindblad,True,9.0,12,-0.14740866422653198,-0.14740866422653198,11.0,8
2026-R09,2026,9,B3,bearman,False,17.0,14,-0.3101819157600403,-0.3101819157600403,15.0,15
2026-R09,2026,9,B3,bortoleto,True,11.0,13,-0.2656551003456116,-0.2656551003456116,12.0,10
2026-R09,2026,9,B3,bottas,False,21.0,22,-1.802667260169983,-1.802667260169983,20.0,18
2026-R09,2026,9,B3,colapinto,True,10.0,11,-0.10613526403903961,-0.10613526403903961,13.0,13
2026-R09,2026,9,B3,gasly,True,7.0,9,0.08583773672580719,0.08583773672580719,14.0,14
2026-R09,2026,9,B3,hadjar,True,6.0,7,0.23707111179828644,0.23707111179828644,6.0,11
2026-R09,2026,9,B3,hamilton,True,1.0,5,0.7588761448860168,0.7588761448860168,2.0,7
2026-R09,2026,9,B3,hulkenberg,False,20.0,15,-0.3689587414264679,-0.3689587414264679,9.0,12
2026-R09,2026,9,B3,lawson,True,8.0,10,-0.05791552737355232,-0.05791552737355232,8.0,9
2026-R09,2026,9,B3,leclerc,False,15.0,4,0.7706649899482727,0.7706649899482727,10.0,3
2026-R09,2026,9,B3,max_verstappen,True,4.0,8,0.22808986902236938,0.22808986902236938,5.0,6
2026-R09,2026,9,B3,norris,True,3.0,6,0.6064682006835938,0.6064682006835938,4.0,4
2026-R09,2026,9,B3,ocon,True,13.0,17,-0.7528113126754761,-0.7528113126754761,17.0,17
2026-R09,2026,9,B3,perez,True,14.0,21,-1.5136545896530151,-1.5136545896530151,19.0,20
2026-R09,2026,9,B3,piastri,True,5.0,3,0.8839623332023621,0.8839623332023621,7.0,2
2026-R09,2026,9,B3,russell,True,2.0,2,0.9239426255226135,0.9239426255226135,1.0,1
2026-R09,2026,9,B3,sainz,True,12.0,16,-0.5765155553817749,-0.5765155553817749,16.0,16
2026-R09,2026,9,B3,stroll,False,22.0,20,-1.4497090578079224,-1.4497090578079224,21.0,22
2026-R09,2026,9,B2,albon,True,18.0,18,-0.6768209934234619,-0.6768209934234619,18.0,19
2026-R09,2026,9,B2,alonso,False,19.0,19,-1.236585021018982,-1.236585021018982,22.0,21
2026-R09,2026,9,B2,antonelli,False,16.0,1,1.0424518585205078,1.0424518585205078,3.0,5
2026-R09,2026,9,B2,arvid_lindblad,True,9.0,11,-0.08478407561779022,-0.08478407561779022,11.0,8
2026-R09,2026,9,B2,bearman,False,17.0,15,-0.28787896037101746,-0.28787896037101746,15.0,15
2026-R09,2026,9,B2,bortoleto,True,11.0,13,-0.17923998832702637,-0.17923998832702637,12.0,10
2026-R09,2026,9,B2,bottas,False,21.0,22,-1.6432232856750488,-1.6432232856750488,20.0,18
2026-R09,2026,9,B2,colapinto,True,10.0,12,-0.12298412621021271,-0.12298412621021271,13.0,13
2026-R09,2026,9,B2,gasly,True,7.0,9,-0.012072884477674961,-0.012072884477674961,14.0,14
2026-R09,2026,9,B2,hadjar,True,6.0,8,0.12092147767543793,0.12092147767543793,6.0,11
2026-R09,2026,9,B2,hamilton,True,1.0,5,0.6437509059906006,0.6437509059906006,2.0,7
2026-R09,2026,9,B2,hulkenberg,False,20.0,14,-0.2636222839355469,-0.2636222839355469,9.0,12
2026-R09,2026,9,B2,lawson,True,8.0,10,-0.03779426962137222,-0.03779426962137222,8.0,9
2026-R09,2026,9,B2,leclerc,False,15.0,3,0.7805850505828857,0.7805850505828857,10.0,3
2026-R09,2026,9,B2,max_verstappen,True,4.0,7,0.45422184467315674,0.45422184467315674,5.0,6
2026-R09,2026,9,B2,norris,True,3.0,6,0.4941129684448242,0.4941129684448242,4.0,4
2026-R09,2026,9,B2,ocon,True,13.0,17,-0.605814516544342,-0.605814516544342,17.0,17
2026-R09,2026,9,B2,perez,True,14.0,21,-1.4849170446395874,-1.4849170446395874,19.0,20
2026-R09,2026,9,B2,piastri,True,5.0,4,0.7560213804244995,0.7560213804244995,7.0,2
2026-R09,2026,9,B2,russell,True,2.0,2,0.9103352427482605,0.9103352427482605,1.0,1
2026-R09,2026,9,B2,sainz,True,12.0,16,-0.48069924116134644,-0.48069924116134644,16.0,16
2026-R09,2026,9,B2,stroll,False,22.0,20,-1.4782544374465942,-1.4782544374465942,21.0,22
2026-R09,2026,9,B4,albon,True,18.0,18,-0.6768209934234619,-0.6768209934234619,18.0,19
2026-R09,2026,9,B4,alonso,False,19.0,19,-1.236585021018982,-1.236585021018982,22.0,21
2026-R09,2026,9,B4,antonelli,False,16.0,1,1.0424518585205078,1.0424518585205078,3.0,5
2026-R09,2026,9,B4,arvid_lindblad,True,9.0,11,-0.08478407561779022,-0.08478407561779022,11.0,8
2026-R09,2026,9,B4,bearman,False,17.0,15,-0.28787896037101746,-0.28787896037101746,15.0,15
2026-R09,2026,9,B4,bortoleto,True,11.0,13,-0.17923998832702637,-0.17923998832702637,12.0,10
2026-R09,2026,9,B4,bottas,False,21.0,22,-1.6432232856750488,-1.6432232856750488,20.0,18
2026-R09,2026,9,B4,colapinto,True,10.0,12,-0.12298412621021271,-0.12298412621021271,13.0,13
2026-R09,2026,9,B4,gasly,True,7.0,9,-0.012072884477674961,-0.012072884477674961,14.0,14
2026-R09,2026,9,B4,hadjar,True,6.0,8,0.12092147767543793,0.12092147767543793,6.0,11
2026-R09,2026,9,B4,hamilton,True,1.0,5,0.6437509059906006,0.6437509059906006,2.0,7
2026-R09,2026,9,B4,hulkenberg,False,20.0,14,-0.2636222839355469,-0.2636222839355469,9.0,12
2026-R09,2026,9,B4,lawson,True,8.0,10,-0.03779426962137222,-0.03779426962137222,8.0,9
2026-R09,2026,9,B4,leclerc,False,15.0,3,0.7805850505828857,0.7805850505828857,10.0,3
2026-R09,2026,9,B4,max_verstappen,True,4.0,7,0.45422184467315674,0.45422184467315674,5.0,6
2026-R09,2026,9,B4,norris,True,3.0,6,0.4941129684448242,0.4941129684448242,4.0,4
2026-R09,2026,9,B4,ocon,True,13.0,17,-0.605814516544342,-0.605814516544342,17.0,17
2026-R09,2026,9,B4,perez,True,14.0,21,-1.4849170446395874,-1.4849170446395874,19.0,20
2026-R09,2026,9,B4,piastri,True,5.0,4,0.7560213804244995,0.7560213804244995,7.0,2
2026-R09,2026,9,B4,russell,True,2.0,2,0.9103352427482605,0.9103352427482605,1.0,1
2026-R09,2026,9,B4,sainz,True,12.0,16,-0.48069924116134644,-0.48069924116134644,16.0,16
2026-R09,2026,9,B4,stroll,False,22.0,20,-1.4782544374465942,-1.4782544374465942,21.0,22
2026-R10,2026,10,B0,albon,True,17.0,16,-0.3090333938598633,-0.3090333938598633,18.0,18
2026-R10,2026,10,B0,alonso,True,18.0,20,-1.4693043231964111,-1.4693043231964111,21.0,21
2026-R10,2026,10,B0,antonelli,True,3.0,1,1.319704532623291,1.319704532623291,4.0,2
2026-R10,2026,10,B0,arvid_lindblad,True,10.0,11,-0.13818971812725067,-0.13818971812725067,10.0,10
2026-R10,2026,10,B0,bearman,True,14.0,14,-0.2821507453918457,-0.2821507453918457,13.0,15
2026-R10,2026,10,B0,bortoleto,True,11.0,13,-0.24834270775318146,-0.24834270775318146,12.0,14
2026-R10,2026,10,B0,bottas,False,22.0,22,-1.6475073099136353,-1.6475073099136353,20.0,20
2026-R10,2026,10,B0,colapinto,True,15.0,17,-0.35763871669769287,-0.35763871669769287,16.0,13
2026-R10,2026,10,B0,gasly,True,13.0,10,-0.06296152621507645,-0.06296152621507645,11.0,11
2026-R10,2026,10,B0,hadjar,True,6.0,8,0.24145545065402985,0.24145545065402985,8.0,8
2026-R10,2026,10,B0,hamilton,True,5.0,4,0.8603004813194275,0.8603004813194275,3.0,1
2026-R10,2026,10,B0,hulkenberg,True,12.0,12,-0.15852433443069458,-0.15852433443069458,14.0,12
2026-R10,2026,10,B0,lawson,True,9.0,9,-0.03181644529104233,-0.03181644529104233,9.0,9
2026-R10,2026,10,B0,leclerc,True,8.0,7,0.4180189371109009,0.4180189371109009,2.0,6
2026-R10,2026,10,B0,max_verstappen,True,2.0,5,0.696870744228363,0.696870744228363,5.0,5
2026-R10,2026,10,B0,norris,True,7.0,6,0.6442807912826538,0.6442807912826538,6.0,7
2026-R10,2026,10,B0,ocon,True,16.0,15,-0.2829548716545105,-0.2829548716545105,15.0,16
2026-R10,2026,10,B0,perez,False,21.0,19,-1.2706334590911865,-1.2706334590911865,19.0,19
2026-R10,2026,10,B0,piastri,True,4.0,3,0.8988689184188843,0.8988689184188843,7.0,4
2026-R10,2026,10,B0,russell,True,1.0,2,0.932773768901825,0.932773768901825,1.0,3
2026-R10,2026,10,B0,sainz,False,20.0,18,-0.3892456293106079,-0.3892456293106079,17.0,17
2026-R10,2026,10,B0,stroll,False,19.0,21,-1.4736437797546387,-1.4736437797546387,22.0,22
2026-R10,2026,10,B1,albon,True,17.0,18,-0.40731531381607056,-0.40731531381607056,18.0,18
2026-R10,2026,10,B1,alonso,True,18.0,21,-1.5488845109939575,-1.5488845109939575,21.0,21
2026-R10,2026,10,B1,antonelli,True,3.0,1,1.4412097930908203,1.4412097930908203,4.0,1
2026-R10,2026,10,B1,arvid_lindblad,True,10.0,11,-0.0757242813706398,-0.0757242813706398,10.0,10
2026-R10,2026,10,B1,bearman,True,14.0,14,-0.3036130964756012,-0.3036130964756012,13.0,15
2026-R10,2026,10,B1,bortoleto,True,11.0,17,-0.36384519934654236,-0.36384519934654236,12.0,13
2026-R10,2026,10,B1,bottas,False,22.0,22,-1.6580636501312256,-1.6580636501312256,20.0,19
2026-R10,2026,10,B1,colapinto,True,15.0,15,-0.3148358464241028,-0.3148358464241028,16.0,14
2026-R10,2026,10,B1,gasly,True,13.0,9,-0.0019946342799812555,-0.0019946342799812555,11.0,11
2026-R10,2026,10,B1,hadjar,True,6.0,8,0.1680937260389328,0.1680937260389328,8.0,8
2026-R10,2026,10,B1,hamilton,True,5.0,4,0.8736523985862732,0.8736523985862732,3.0,2
2026-R10,2026,10,B1,hulkenberg,True,12.0,12,-0.10292790085077286,-0.10292790085077286,14.0,12
2026-R10,2026,10,B1,lawson,True,9.0,10,-0.020075364038348198,-0.020075364038348198,9.0,9
2026-R10,2026,10,B1,leclerc,True,8.0,7,0.44340819120407104,0.44340819120407104,2.0,7
2026-R10,2026,10,B1,max_verstappen,True,2.0,5,0.7815543413162231,0.7815543413162231,5.0,6
2026-R10,2026,10,B1,norris,True,7.0,6,0.7227811217308044,0.7227811217308044,6.0,5
2026-R10,2026,10,B1,ocon,True,16.0,13,-0.229269340634346,-0.229269340634346,15.0,16
2026-R10,2026,10,B1,perez,False,21.0,19,-1.1504119634628296,-1.1504119634628296,19.0,20
2026-R10,2026,10,B1,piastri,True,4.0,3,0.961455225944519,0.961455225944519,7.0,4
2026-R10,2026,10,B1,russell,True,1.0,2,0.9801201820373535,0.9801201820373535,1.0,3
2026-R10,2026,10,B1,sainz,False,20.0,16,-0.32556191086769104,-0.32556191086769104,17.0,17
2026-R10,2026,10,B1,stroll,False,19.0,20,-1.4729528427124023,-1.4729528427124023,22.0,22
2026-R10,2026,10,B3,albon,True,17.0,18,-0.40731531381607056,-0.40731531381607056,18.0,18
2026-R10,2026,10,B3,alonso,True,18.0,21,-1.5488845109939575,-1.5488845109939575,21.0,21
2026-R10,2026,10,B3,antonelli,True,3.0,1,1.4412097930908203,1.4412097930908203,4.0,1
2026-R10,2026,10,B3,arvid_lindblad,True,10.0,11,-0.0757242813706398,-0.0757242813706398,10.0,10
2026-R10,2026,10,B3,bearman,True,14.0,14,-0.3036130964756012,-0.3036130964756012,13.0,15
2026-R10,2026,10,B3,bortoleto,True,11.0,17,-0.36384519934654236,-0.36384519934654236,12.0,13
2026-R10,2026,10,B3,bottas,False,22.0,22,-1.6580636501312256,-1.6580636501312256,20.0,19
2026-R10,2026,10,B3,colapinto,True,15.0,15,-0.3148358464241028,-0.3148358464241028,16.0,14
2026-R10,2026,10,B3,gasly,True,13.0,9,-0.0019946342799812555,-0.0019946342799812555,11.0,11
2026-R10,2026,10,B3,hadjar,True,6.0,8,0.1680937260389328,0.1680937260389328,8.0,8
2026-R10,2026,10,B3,hamilton,True,5.0,4,0.8736523985862732,0.8736523985862732,3.0,2
2026-R10,2026,10,B3,hulkenberg,True,12.0,12,-0.10292790085077286,-0.10292790085077286,14.0,12
2026-R10,2026,10,B3,lawson,True,9.0,10,-0.020075364038348198,-0.020075364038348198,9.0,9
2026-R10,2026,10,B3,leclerc,True,8.0,7,0.44340819120407104,0.44340819120407104,2.0,7
2026-R10,2026,10,B3,max_verstappen,True,2.0,5,0.7815543413162231,0.7815543413162231,5.0,6
2026-R10,2026,10,B3,norris,True,7.0,6,0.7227811217308044,0.7227811217308044,6.0,5
2026-R10,2026,10,B3,ocon,True,16.0,13,-0.229269340634346,-0.229269340634346,15.0,16
2026-R10,2026,10,B3,perez,False,21.0,19,-1.1504119634628296,-1.1504119634628296,19.0,20
2026-R10,2026,10,B3,piastri,True,4.0,3,0.961455225944519,0.961455225944519,7.0,4
2026-R10,2026,10,B3,russell,True,1.0,2,0.9801201820373535,0.9801201820373535,1.0,3
2026-R10,2026,10,B3,sainz,False,20.0,16,-0.32556191086769104,-0.32556191086769104,17.0,17
2026-R10,2026,10,B3,stroll,False,19.0,20,-1.4729528427124023,-1.4729528427124023,22.0,22
2026-R10,2026,10,B2,albon,True,17.0,18,-0.4300374984741211,-0.4300374984741211,18.0,18
2026-R10,2026,10,B2,alonso,True,18.0,21,-1.444037914276123,-1.444037914276123,21.0,21
2026-R10,2026,10,B2,antonelli,True,3.0,1,1.4317327737808228,1.4317327737808228,4.0,1
2026-R10,2026,10,B2,arvid_lindblad,True,10.0,10,0.016547296196222305,0.016547296196222305,10.0,10
2026-R10,2026,10,B2,bearman,True,14.0,16,-0.28162890672683716,-0.28162890672683716,13.0,15
2026-R10,2026,10,B2,bortoleto,True,11.0,14,-0.1503867208957672,-0.1503867208957672,12.0,13
2026-R10,2026,10,B2,bottas,False,22.0,22,-1.5447337627410889,-1.5447337627410889,20.0,19
2026-R10,2026,10,B2,colapinto,True,15.0,13,-0.11919141560792923,-0.11919141560792923,16.0,14
2026-R10,2026,10,B2,gasly,True,13.0,9,0.018758010119199753,0.018758010119199753,11.0,11
2026-R10,2026,10,B2,hadjar,True,6.0,8,0.22097688913345337,0.22097688913345337,8.0,8
2026-R10,2026,10,B2,hamilton,True,5.0,6,0.7126414179801941,0.7126414179801941,3.0,2
2026-R10,2026,10,B2,hulkenberg,True,12.0,12,-0.07312902808189392,-0.07312902808189392,14.0,12
2026-R10,2026,10,B2,lawson,True,9.0,11,-0.034885603934526443,-0.034885603934526443,9.0,9
2026-R10,2026,10,B2,leclerc,True,8.0,7,0.5072212219238281,0.5072212219238281,2.0,7
2026-R10,2026,10,B2,max_verstappen,True,2.0,4,0.7917014360427856,0.7917014360427856,5.0,6
2026-R10,2026,10,B2,norris,True,7.0,5,0.7362096905708313,0.7362096905708313,6.0,5
2026-R10,2026,10,B2,ocon,True,16.0,15,-0.2653191089630127,-0.2653191089630127,15.0,16
2026-R10,2026,10,B2,perez,False,21.0,19,-1.2279008626937866,-1.2279008626937866,19.0,20
2026-R10,2026,10,B2,piastri,True,4.0,3,0.8256551623344421,0.8256551623344421,7.0,4
2026-R10,2026,10,B2,russell,True,1.0,2,1.0796334743499756,1.0796334743499756,1.0,3
2026-R10,2026,10,B2,sainz,False,20.0,17,-0.2856978178024292,-0.2856978178024292,17.0,17
2026-R10,2026,10,B2,stroll,False,19.0,20,-1.3327891826629639,-1.3327891826629639,22.0,22
2026-R10,2026,10,B4,albon,True,17.0,18,-0.4300374984741211,-0.4300374984741211,18.0,18
2026-R10,2026,10,B4,alonso,True,18.0,21,-1.444037914276123,-1.444037914276123,21.0,21
2026-R10,2026,10,B4,antonelli,True,3.0,1,1.4317327737808228,1.4317327737808228,4.0,1
2026-R10,2026,10,B4,arvid_lindblad,True,10.0,10,0.016547296196222305,0.016547296196222305,10.0,10
2026-R10,2026,10,B4,bearman,True,14.0,16,-0.28162890672683716,-0.28162890672683716,13.0,15
2026-R10,2026,10,B4,bortoleto,True,11.0,14,-0.1503867208957672,-0.1503867208957672,12.0,13
2026-R10,2026,10,B4,bottas,False,22.0,22,-1.5447337627410889,-1.5447337627410889,20.0,19
2026-R10,2026,10,B4,colapinto,True,15.0,13,-0.11919141560792923,-0.11919141560792923,16.0,14
2026-R10,2026,10,B4,gasly,True,13.0,9,0.018758010119199753,0.018758010119199753,11.0,11
2026-R10,2026,10,B4,hadjar,True,6.0,8,0.22097688913345337,0.22097688913345337,8.0,8
2026-R10,2026,10,B4,hamilton,True,5.0,6,0.7126414179801941,0.7126414179801941,3.0,2
2026-R10,2026,10,B4,hulkenberg,True,12.0,12,-0.07312902808189392,-0.07312902808189392,14.0,12
2026-R10,2026,10,B4,lawson,True,9.0,11,-0.034885603934526443,-0.034885603934526443,9.0,9
2026-R10,2026,10,B4,leclerc,True,8.0,7,0.5072212219238281,0.5072212219238281,2.0,7
2026-R10,2026,10,B4,max_verstappen,True,2.0,4,0.7917014360427856,0.7917014360427856,5.0,6
2026-R10,2026,10,B4,norris,True,7.0,5,0.7362096905708313,0.7362096905708313,6.0,5
2026-R10,2026,10,B4,ocon,True,16.0,15,-0.2653191089630127,-0.2653191089630127,15.0,16
2026-R10,2026,10,B4,perez,False,21.0,19,-1.2279008626937866,-1.2279008626937866,19.0,20
2026-R10,2026,10,B4,piastri,True,4.0,3,0.8256551623344421,0.8256551623344421,7.0,4
2026-R10,2026,10,B4,russell,True,1.0,2,1.0796334743499756,1.0796334743499756,1.0,3
2026-R10,2026,10,B4,sainz,False,20.0,17,-0.2856978178024292,-0.2856978178024292,17.0,17
2026-R10,2026,10,B4,stroll,False,19.0,20,-1.3327891826629639,-1.3327891826629639,22.0,22
2026-R11,2026,11,B0,albon,False,21.0,18,-1.0978610515594482,-1.0978610515594482,16.0,18
2026-R11,2026,11,B0,alonso,True,18.0,22,-1.6989835500717163,-1.6989835500717163,22.0,20
2026-R11,2026,11,B0,antonelli,True,15.0,1,1.7087106704711914,1.7087106704711914,1.0,1
2026-R11,2026,11,B0,arvid_lindblad,True,7.0,15,-0.7298846244812012,-0.7298846244812012,9.0,11
2026-R11,2026,11,B0,bearman,True,12.0,14,-0.7160547971725464,-0.7160547971725464,14.0,14
2026-R11,2026,11,B0,bortoleto,True,8.0,12,-0.5614877343177795,-0.5614877343177795,11.0,12
2026-R11,2026,11,B0,bottas,True,16.0,20,-1.3884358406066895,-1.3884358406066895,18.0,21
2026-R11,2026,11,B0,colapinto,True,9.0,11,-0.30613961815834045,-0.30613961815834045,19.0,13
2026-R11,2026,11,B0,gasly,True,10.0,13,-0.5693600177764893,-0.5693600177764893,12.0,15
2026-R11,2026,11,B0,hadjar,True,5.0,8,0.5923161506652832,0.5923161506652832,5.0,8
2026-R11,2026,11,B0,hamilton,True,3.0,2,1.4183425903320312,1.4183425903320312,3.0,2
2026-R11,2026,11,B0,hulkenberg,False,22.0,10,-0.3039250075817108,-0.3039250075817108,13.0,10
2026-R11,2026,11,B0,lawson,True,6.0,9,0.0962771400809288,0.0962771400809288,10.0,9
2026-R11,2026,11,B0,leclerc,True,1.0,7,0.6302875280380249,0.6302875280380249,2.0,5
2026-R11,2026,11,B0,max_verstappen,False,20.0,4,1.268499493598938,1.268499493598938,7.0,4
2026-R11,2026,11,B0,norris,True,4.0,6,0.8090128898620605,0.8090128898620605,6.0,7
2026-R11,2026,11,B0,ocon,True,13.0,16,-0.7862797975540161,-0.7862797975540161,17.0,16
2026-R11,2026,11,B0,perez,True,14.0,19,-1.2766656875610352,-1.2766656875610352,20.0,19
2026-R11,2026,11,B0,piastri,True,11.0,5,0.8109872937202454,0.8109872937202454,8.0,6
2026-R11,2026,11,B0,russell,True,2.0,3,1.3677078485488892,1.3677078485488892,4.0,3
2026-R11,2026,11,B0,sainz,True,17.0,17,-0.8236280679702759,-0.8236280679702759,15.0,17
2026-R11,2026,11,B0,stroll,True,19.0,21,-1.5531411170959473,-1.5531411170959473,21.0,22
2026-R11,2026,11,B1,albon,False,21.0,18,-1.1090227365493774,-1.1090227365493774,16.0,18
2026-R11,2026,11,B1,alonso,True,18.0,22,-1.799167275428772,-1.799167275428772,22.0,21
2026-R11,2026,11,B1,antonelli,True,15.0,1,1.8294453620910645,1.8294453620910645,1.0,2
2026-R11,2026,11,B1,arvid_lindblad,True,7.0,13,-0.5767780542373657,-0.5767780542373657,9.0,11
2026-R11,2026,11,B1,bearman,True,12.0,15,-0.7675319910049438,-0.7675319910049438,14.0,14
2026-R11,2026,11,B1,bortoleto,True,8.0,12,-0.5046743154525757,-0.5046743154525757,11.0,12
2026-R11,2026,11,B1,bottas,True,16.0,21,-1.790244460105896,-1.790244460105896,18.0,20
2026-R11,2026,11,B1,colapinto,True,9.0,11,-0.33726388216018677,-0.33726388216018677,19.0,13
2026-R11,2026,11,B1,gasly,True,10.0,14,-0.7008061408996582,-0.7008061408996582,12.0,17
2026-R11,2026,11,B1,hadjar,True,5.0,8,0.5913392901420593,0.5913392901420593,5.0,8
2026-R11,2026,11,B1,hamilton,True,3.0,2,1.5790899991989136,1.5790899991989136,3.0,1
2026-R11,2026,11,B1,hulkenberg,False,22.0,10,-0.3056810200214386,-0.3056810200214386,13.0,10
2026-R11,2026,11,B1,lawson,True,6.0,9,0.11073977500200272,0.11073977500200272,10.0,9
2026-R11,2026,11,B1,leclerc,True,1.0,7,0.7913093566894531,0.7913093566894531,2.0,4
2026-R11,2026,11,B1,max_verstappen,False,20.0,4,1.2137367725372314,1.2137367725372314,7.0,5
2026-R11,2026,11,B1,norris,True,4.0,6,0.8288953900337219,0.8288953900337219,6.0,7
2026-R11,2026,11,B1,ocon,True,13.0,17,-0.9039793610572815,-0.9039793610572815,17.0,15
2026-R11,2026,11,B1,perez,True,14.0,19,-1.4311798810958862,-1.4311798810958862,20.0,19
2026-R11,2026,11,B1,piastri,True,11.0,5,0.8920810222625732,0.8920810222625732,8.0,6
2026-R11,2026,11,B1,russell,True,2.0,3,1.3995994329452515,1.3995994329452515,4.0,3
2026-R11,2026,11,B1,sainz,True,17.0,16,-0.7747515439987183,-0.7747515439987183,15.0,16
2026-R11,2026,11,B1,stroll,True,19.0,20,-1.7012028694152832,-1.7012028694152832,21.0,22
2026-R11,2026,11,B3,albon,False,21.0,18,-1.1090227365493774,-1.1090227365493774,16.0,18
2026-R11,2026,11,B3,alonso,True,18.0,22,-1.799167275428772,-1.799167275428772,22.0,21
2026-R11,2026,11,B3,antonelli,True,15.0,1,1.8294453620910645,1.8294453620910645,1.0,2
2026-R11,2026,11,B3,arvid_lindblad,True,7.0,13,-0.5767780542373657,-0.5767780542373657,9.0,11
2026-R11,2026,11,B3,bearman,True,12.0,15,-0.7675319910049438,-0.7675319910049438,14.0,14
2026-R11,2026,11,B3,bortoleto,True,8.0,12,-0.5046743154525757,-0.5046743154525757,11.0,12
2026-R11,2026,11,B3,bottas,True,16.0,21,-1.790244460105896,-1.790244460105896,18.0,20
2026-R11,2026,11,B3,colapinto,True,9.0,11,-0.33726388216018677,-0.33726388216018677,19.0,13
2026-R11,2026,11,B3,gasly,True,10.0,14,-0.7008061408996582,-0.7008061408996582,12.0,17
2026-R11,2026,11,B3,hadjar,True,5.0,8,0.5913392901420593,0.5913392901420593,5.0,8
2026-R11,2026,11,B3,hamilton,True,3.0,2,1.5790899991989136,1.5790899991989136,3.0,1
2026-R11,2026,11,B3,hulkenberg,False,22.0,10,-0.3056810200214386,-0.3056810200214386,13.0,10
2026-R11,2026,11,B3,lawson,True,6.0,9,0.11073977500200272,0.11073977500200272,10.0,9
2026-R11,2026,11,B3,leclerc,True,1.0,7,0.7913093566894531,0.7913093566894531,2.0,4
2026-R11,2026,11,B3,max_verstappen,False,20.0,4,1.2137367725372314,1.2137367725372314,7.0,5
2026-R11,2026,11,B3,norris,True,4.0,6,0.8288953900337219,0.8288953900337219,6.0,7
2026-R11,2026,11,B3,ocon,True,13.0,17,-0.9039793610572815,-0.9039793610572815,17.0,15
2026-R11,2026,11,B3,perez,True,14.0,19,-1.4311798810958862,-1.4311798810958862,20.0,19
2026-R11,2026,11,B3,piastri,True,11.0,5,0.8920810222625732,0.8920810222625732,8.0,6
2026-R11,2026,11,B3,russell,True,2.0,3,1.3995994329452515,1.3995994329452515,4.0,3
2026-R11,2026,11,B3,sainz,True,17.0,16,-0.7747515439987183,-0.7747515439987183,15.0,16
2026-R11,2026,11,B3,stroll,True,19.0,20,-1.7012028694152832,-1.7012028694152832,21.0,22
2026-R11,2026,11,B2,albon,False,21.0,18,-1.1548410654067993,-1.1548410654067993,16.0,18
2026-R11,2026,11,B2,alonso,True,18.0,21,-1.588469386100769,-1.588469386100769,22.0,21
2026-R11,2026,11,B2,antonelli,True,15.0,1,1.9466158151626587,1.9466158151626587,1.0,2
2026-R11,2026,11,B2,arvid_lindblad,True,7.0,13,-0.6669129133224487,-0.6669129133224487,9.0,11
2026-R11,2026,11,B2,bearman,True,12.0,15,-0.773787260055542,-0.773787260055542,14.0,14
2026-R11,2026,11,B2,bortoleto,True,8.0,12,-0.4544692933559418,-0.4544692933559418,11.0,12
2026-R11,2026,11,B2,bottas,True,16.0,20,-1.5757426023483276,-1.5757426023483276,18.0,20
2026-R11,2026,11,B2,colapinto,True,9.0,11,-0.3646053373813629,-0.3646053373813629,19.0,13
2026-R11,2026,11,B2,gasly,True,10.0,14,-0.7107646465301514,-0.7107646465301514,12.0,17
2026-R11,2026,11,B2,hadjar,True,5.0,8,0.6346474885940552,0.6346474885940552,5.0,8
2026-R11,2026,11,B2,hamilton,True,3.0,3,1.4280726909637451,1.4280726909637451,3.0,1
2026-R11,2026,11,B2,hulkenberg,False,22.0,10,-0.10541260242462158,-0.10541260242462158,13.0,10
2026-R11,2026,11,B2,lawson,True,6.0,9,0.06950688362121582,0.06950688362121582,10.0,9
2026-R11,2026,11,B2,leclerc,True,1.0,7,0.7584141492843628,0.7584141492843628,2.0,4
2026-R11,2026,11,B2,max_verstappen,False,20.0,4,1.2016959190368652,1.2016959190368652,7.0,5
2026-R11,2026,11,B2,norris,True,4.0,6,0.852770984172821,0.852770984172821,6.0,7
2026-R11,2026,11,B2,ocon,True,13.0,17,-0.8931321501731873,-0.8931321501731873,17.0,15
2026-R11,2026,11,B2,perez,True,14.0,19,-1.1848652362823486,-1.1848652362823486,20.0,19
2026-R11,2026,11,B2,piastri,True,11.0,5,0.8587058186531067,0.8587058186531067,8.0,6
2026-R11,2026,11,B2,russell,True,2.0,2,1.5912002325057983,1.5912002325057983,4.0,3
2026-R11,2026,11,B2,sainz,True,17.0,16,-0.8217201232910156,-0.8217201232910156,15.0,16
2026-R11,2026,11,B2,stroll,True,19.0,22,-1.7096905708312988,-1.7096905708312988,21.0,22
2026-R11,2026,11,B4,albon,False,21.0,18,-1.1548410654067993,-1.1548410654067993,16.0,18
2026-R11,2026,11,B4,alonso,True,18.0,21,-1.588469386100769,-1.588469386100769,22.0,21
2026-R11,2026,11,B4,antonelli,True,15.0,1,1.9466158151626587,1.9466158151626587,1.0,2
2026-R11,2026,11,B4,arvid_lindblad,True,7.0,13,-0.6669129133224487,-0.6669129133224487,9.0,11
2026-R11,2026,11,B4,bearman,True,12.0,15,-0.773787260055542,-0.773787260055542,14.0,14
2026-R11,2026,11,B4,bortoleto,True,8.0,12,-0.4544692933559418,-0.4544692933559418,11.0,12
2026-R11,2026,11,B4,bottas,True,16.0,20,-1.5757426023483276,-1.5757426023483276,18.0,20
2026-R11,2026,11,B4,colapinto,True,9.0,11,-0.3646053373813629,-0.3646053373813629,19.0,13
2026-R11,2026,11,B4,gasly,True,10.0,14,-0.7107646465301514,-0.7107646465301514,12.0,17
2026-R11,2026,11,B4,hadjar,True,5.0,8,0.6346474885940552,0.6346474885940552,5.0,8
2026-R11,2026,11,B4,hamilton,True,3.0,3,1.4280726909637451,1.4280726909637451,3.0,1
2026-R11,2026,11,B4,hulkenberg,False,22.0,10,-0.10541260242462158,-0.10541260242462158,13.0,10
2026-R11,2026,11,B4,lawson,True,6.0,9,0.06950688362121582,0.06950688362121582,10.0,9
2026-R11,2026,11,B4,leclerc,True,1.0,7,0.7584141492843628,0.7584141492843628,2.0,4
2026-R11,2026,11,B4,max_verstappen,False,20.0,4,1.2016959190368652,1.2016959190368652,7.0,5
2026-R11,2026,11,B4,norris,True,4.0,6,0.852770984172821,0.852770984172821,6.0,7
2026-R11,2026,11,B4,ocon,True,13.0,17,-0.8931321501731873,-0.8931321501731873,17.0,15
2026-R11,2026,11,B4,perez,True,14.0,19,-1.1848652362823486,-1.1848652362823486,20.0,19
2026-R11,2026,11,B4,piastri,True,11.0,5,0.8587058186531067,0.8587058186531067,8.0,6
2026-R11,2026,11,B4,russell,True,2.0,2,1.5912002325057983,1.5912002325057983,4.0,3
2026-R11,2026,11,B4,sainz,True,17.0,16,-0.8217201232910156,-0.8217201232910156,15.0,16
2026-R11,2026,11,B4,stroll,True,19.0,22,-1.7096905708312988,-1.7096905708312988,21.0,22
2026-R12,2026,12,B0,albon,True,15.0,17,-0.6328935027122498,-0.6328935027122498,17.0,17
2026-R12,2026,12,B0,alonso,True,19.0,21,-1.658812403678894,-1.658812403678894,21.0,20
2026-R12,2026,12,B0,antonelli,True,1.0,6,0.8536577820777893,0.8536577820777893,1.0,1
2026-R12,2026,12,B0,arvid_lindblad,True,9.0,10,0.11187824606895447,0.11187824606895447,8.0,9
2026-R12,2026,12,B0,bearman,True,14.0,15,-0.5500097870826721,-0.5500097870826721,16.0,15
2026-R12,2026,12,B0,bortoleto,True,8.0,14,-0.368891179561615,-0.368891179561615,9.0,14
2026-R12,2026,12,B0,bottas,True,18.0,20,-1.4969141483306885,-1.4969141483306885,19.0,22
2026-R12,2026,12,B0,colapinto,True,10.0,11,0.01584981568157673,0.01584981568157673,13.0,12
2026-R12,2026,12,B0,gasly,True,11.0,12,-0.17023062705993652,-0.17023062705993652,12.0,11
2026-R12,2026,12,B0,hadjar,True,6.0,7,0.6893393993377686,0.6893393993377686,10.0,8
2026-R12,2026,12,B0,hamilton,True,4.0,1,1.1393963098526,1.1393963098526,6.0,4
2026-R12,2026,12,B0,hulkenberg,True,13.0,13,-0.20575228333473206,-0.20575228333473206,14.0,13
2026-R12,2026,12,B0,lawson,True,12.0,9,0.2587147057056427,0.2587147057056427,11.0,10
2026-R12,2026,12,B0,leclerc,True,2.0,2,0.9915773868560791,0.9915773868560791,5.0,7
2026-R12,2026,12,B0,max_verstappen,True,3.0,4,0.9491299986839294,0.9491299986839294,2.0,5
2026-R12,2026,12,B0,norris,True,7.0,3,0.9741593599319458,0.9741593599319458,3.0,3
2026-R12,2026,12,B0,ocon,True,17.0,16,-0.6048128008842468,-0.6048128008842468,18.0,16
2026-R12,2026,12,B0,perez,False,21.0,22,-1.7654467821121216,-1.7654467821121216,20.0,19
2026-R12,2026,12,B0,piastri,True,5.0,8,0.5607854723930359,0.5607854723930359,7.0,6
2026-R12,2026,12,B0,russell,False,22.0,5,0.8848403096199036,0.8848403096199036,4.0,2
2026-R12,2026,12,B0,sainz,True,16.0,18,-0.8465749025344849,-0.8465749025344849,15.0,18
2026-R12,2026,12,B0,stroll,False,20.0,19,-1.4837747812271118,-1.4837747812271118,22.0,21
2026-R12,2026,12,B1,albon,True,15.0,17,-0.6908189058303833,-0.6908189058303833,17.0,16
2026-R12,2026,12,B1,alonso,True,19.0,21,-1.60504949092865,-1.60504949092865,21.0,21
2026-R12,2026,12,B1,antonelli,True,1.0,5,0.8267248868942261,0.8267248868942261,1.0,1
2026-R12,2026,12,B1,arvid_lindblad,True,9.0,10,0.073599673807621,0.073599673807621,8.0,9
2026-R12,2026,12,B1,bearman,True,14.0,15,-0.5526359677314758,-0.5526359677314758,16.0,15
2026-R12,2026,12,B1,bortoleto,True,8.0,14,-0.3703557848930359,-0.3703557848930359,9.0,14
2026-R12,2026,12,B1,bottas,True,18.0,20,-1.6006252765655518,-1.6006252765655518,19.0,19
2026-R12,2026,12,B1,colapinto,True,10.0,11,-0.03563477098941803,-0.03563477098941803,13.0,11
2026-R12,2026,12,B1,gasly,True,11.0,12,-0.06165055185556412,-0.06165055185556412,12.0,13
2026-R12,2026,12,B1,hadjar,True,6.0,7,0.7587172985076904,0.7587172985076904,10.0,7
2026-R12,2026,12,B1,hamilton,True,4.0,1,1.118837594985962,1.118837594985962,6.0,5
2026-R12,2026,12,B1,hulkenberg,True,13.0,13,-0.30359506607055664,-0.30359506607055664,14.0,12
2026-R12,2026,12,B1,lawson,True,12.0,9,0.26756832003593445,0.26756832003593445,11.0,10
2026-R12,2026,12,B1,leclerc,True,2.0,2,0.9617347121238708,0.9617347121238708,5.0,8
2026-R12,2026,12,B1,max_verstappen,True,3.0,4,0.8671116232872009,0.8671116232872009,2.0,4
2026-R12,2026,12,B1,norris,True,7.0,6,0.7833167910575867,0.7833167910575867,3.0,2
2026-R12,2026,12,B1,ocon,True,17.0,16,-0.5882574319839478,-0.5882574319839478,18.0,17
2026-R12,2026,12,B1,perez,False,21.0,22,-1.6965056657791138,-1.6965056657791138,20.0,20
2026-R12,2026,12,B1,piastri,True,5.0,8,0.6528753638267517,0.6528753638267517,7.0,6
2026-R12,2026,12,B1,russell,False,22.0,3,0.886017382144928,0.886017382144928,4.0,3
2026-R12,2026,12,B1,sainz,True,16.0,18,-0.8650535345077515,-0.8650535345077515,15.0,18
2026-R12,2026,12,B1,stroll,False,20.0,19,-1.5170382261276245,-1.5170382261276245,22.0,22
2026-R12,2026,12,B3,albon,True,15.0,17,-0.6908189058303833,-0.6908189058303833,17.0,16
2026-R12,2026,12,B3,alonso,True,19.0,21,-1.60504949092865,-1.60504949092865,21.0,21
2026-R12,2026,12,B3,antonelli,True,1.0,5,0.8267248868942261,0.8267248868942261,1.0,1
2026-R12,2026,12,B3,arvid_lindblad,True,9.0,10,0.073599673807621,0.073599673807621,8.0,9
2026-R12,2026,12,B3,bearman,True,14.0,15,-0.5526359677314758,-0.5526359677314758,16.0,15
2026-R12,2026,12,B3,bortoleto,True,8.0,14,-0.3703557848930359,-0.3703557848930359,9.0,14
2026-R12,2026,12,B3,bottas,True,18.0,20,-1.6006252765655518,-1.6006252765655518,19.0,19
2026-R12,2026,12,B3,colapinto,True,10.0,11,-0.03563477098941803,-0.03563477098941803,13.0,11
2026-R12,2026,12,B3,gasly,True,11.0,12,-0.06165055185556412,-0.06165055185556412,12.0,13
2026-R12,2026,12,B3,hadjar,True,6.0,7,0.7587172985076904,0.7587172985076904,10.0,7
2026-R12,2026,12,B3,hamilton,True,4.0,1,1.118837594985962,1.118837594985962,6.0,5
2026-R12,2026,12,B3,hulkenberg,True,13.0,13,-0.30359506607055664,-0.30359506607055664,14.0,12
2026-R12,2026,12,B3,lawson,True,12.0,9,0.26756832003593445,0.26756832003593445,11.0,10
2026-R12,2026,12,B3,leclerc,True,2.0,2,0.9617347121238708,0.9617347121238708,5.0,8
2026-R12,2026,12,B3,max_verstappen,True,3.0,4,0.8671116232872009,0.8671116232872009,2.0,4
2026-R12,2026,12,B3,norris,True,7.0,6,0.7833167910575867,0.7833167910575867,3.0,2
2026-R12,2026,12,B3,ocon,True,17.0,16,-0.5882574319839478,-0.5882574319839478,18.0,17
2026-R12,2026,12,B3,perez,False,21.0,22,-1.6965056657791138,-1.6965056657791138,20.0,20
2026-R12,2026,12,B3,piastri,True,5.0,8,0.6528753638267517,0.6528753638267517,7.0,6
2026-R12,2026,12,B3,russell,False,22.0,3,0.886017382144928,0.886017382144928,4.0,3
2026-R12,2026,12,B3,sainz,True,16.0,18,-0.8650535345077515,-0.8650535345077515,15.0,18
2026-R12,2026,12,B3,stroll,False,20.0,19,-1.5170382261276245,-1.5170382261276245,22.0,22
2026-R12,2026,12,B2,albon,True,15.0,17,-0.6403656601905823,-0.6403656601905823,17.0,16
2026-R12,2026,12,B2,alonso,True,19.0,21,-1.5105921030044556,-1.5105921030044556,21.0,21
2026-R12,2026,12,B2,antonelli,True,1.0,6,0.7224089503288269,0.7224089503288269,1.0,1
2026-R12,2026,12,B2,arvid_lindblad,True,9.0,10,0.11717511713504791,0.11717511713504791,8.0,9
2026-R12,2026,12,B2,bearman,True,14.0,15,-0.4997793734073639,-0.4997793734073639,16.0,15
2026-R12,2026,12,B2,bortoleto,True,8.0,13,-0.3196626305580139,-0.3196626305580139,9.0,14
2026-R12,2026,12,B2,bottas,True,18.0,19,-1.3485815525054932,-1.3485815525054932,19.0,19
2026-R12,2026,12,B2,colapinto,True,10.0,11,0.0469512939453125,0.0469512939453125,13.0,11
2026-R12,2026,12,B2,gasly,True,11.0,12,-0.04693087190389633,-0.04693087190389633,12.0,13
2026-R12,2026,12,B2,hadjar,True,6.0,7,0.6796882152557373,0.6796882152557373,10.0,7
2026-R12,2026,12,B2,hamilton,True,4.0,1,1.0974501371383667,1.0974501371383667,6.0,5
2026-R12,2026,12,B2,hulkenberg,True,13.0,14,-0.41405174136161804,-0.41405174136161804,14.0,12
2026-R12,2026,12,B2,lawson,True,12.0,9,0.27699485421180725,0.27699485421180725,11.0,10
2026-R12,2026,12,B2,leclerc,True,2.0,2,0.9751513600349426,0.9751513600349426,5.0,8
2026-R12,2026,12,B2,max_verstappen,True,3.0,5,0.7360944747924805,0.7360944747924805,2.0,4
2026-R12,2026,12,B2,norris,True,7.0,4,0.8211107850074768,0.8211107850074768,3.0,2
2026-R12,2026,12,B2,ocon,True,17.0,16,-0.6084548830986023,-0.6084548830986023,18.0,17
2026-R12,2026,12,B2,perez,False,21.0,22,-1.5468186140060425,-1.5468186140060425,20.0,20
2026-R12,2026,12,B2,piastri,True,5.0,8,0.5917989015579224,0.5917989015579224,7.0,6
2026-R12,2026,12,B2,russell,False,22.0,3,0.8508522510528564,0.8508522510528564,4.0,3
2026-R12,2026,12,B2,sainz,True,16.0,18,-0.6985136866569519,-0.6985136866569519,15.0,18
2026-R12,2026,12,B2,stroll,False,20.0,20,-1.4048750400543213,-1.4048750400543213,22.0,22
2026-R12,2026,12,B4,albon,True,15.0,17,-0.6403656601905823,-0.6403656601905823,17.0,16
2026-R12,2026,12,B4,alonso,True,19.0,21,-1.5105921030044556,-1.5105921030044556,21.0,21
2026-R12,2026,12,B4,antonelli,True,1.0,6,0.7224089503288269,0.7224089503288269,1.0,1
2026-R12,2026,12,B4,arvid_lindblad,True,9.0,10,0.11717511713504791,0.11717511713504791,8.0,9
2026-R12,2026,12,B4,bearman,True,14.0,15,-0.4997793734073639,-0.4997793734073639,16.0,15
2026-R12,2026,12,B4,bortoleto,True,8.0,13,-0.3196626305580139,-0.3196626305580139,9.0,14
2026-R12,2026,12,B4,bottas,True,18.0,19,-1.3485815525054932,-1.3485815525054932,19.0,19
2026-R12,2026,12,B4,colapinto,True,10.0,11,0.0469512939453125,0.0469512939453125,13.0,11
2026-R12,2026,12,B4,gasly,True,11.0,12,-0.04693087190389633,-0.04693087190389633,12.0,13
2026-R12,2026,12,B4,hadjar,True,6.0,7,0.6796882152557373,0.6796882152557373,10.0,7
2026-R12,2026,12,B4,hamilton,True,4.0,1,1.0974501371383667,1.0974501371383667,6.0,5
2026-R12,2026,12,B4,hulkenberg,True,13.0,14,-0.41405174136161804,-0.41405174136161804,14.0,12
2026-R12,2026,12,B4,lawson,True,12.0,9,0.27699485421180725,0.27699485421180725,11.0,10
2026-R12,2026,12,B4,leclerc,True,2.0,2,0.9751513600349426,0.9751513600349426,5.0,8
2026-R12,2026,12,B4,max_verstappen,True,3.0,5,0.7360944747924805,0.7360944747924805,2.0,4
2026-R12,2026,12,B4,norris,True,7.0,4,0.8211107850074768,0.8211107850074768,3.0,2
2026-R12,2026,12,B4,ocon,True,17.0,16,-0.6084548830986023,-0.6084548830986023,18.0,17
2026-R12,2026,12,B4,perez,False,21.0,22,-1.5468186140060425,-1.5468186140060425,20.0,20
2026-R12,2026,12,B4,piastri,True,5.0,8,0.5917989015579224,0.5917989015579224,7.0,6
2026-R12,2026,12,B4,russell,False,22.0,3,0.8508522510528564,0.8508522510528564,4.0,3
2026-R12,2026,12,B4,sainz,True,16.0,18,-0.6985136866569519,-0.6985136866569519,15.0,18
2026-R12,2026,12,B4,stroll,False,20.0,20,-1.4048750400543213,-1.4048750400543213,22.0,22
2026-R13,2026,13,B0,albon,True,17.0,18,-0.9913540482521057,-0.9913540482521057,19.0,18
2026-R13,2026,13,B0,alonso,True,14.0,19,-1.4470394849777222,-1.4470394849777222,16.0,19
2026-R13,2026,13,B0,antonelli,True,3.0,2,1.0544766187667847,1.0544766187667847,4.0,2
2026-R13,2026,13,B0,arvid_lindblad,True,10.0,11,-0.05727560818195343,-0.05727560818195343,9.0,11
2026-R13,2026,13,B0,bearman,True,19.0,15,-0.7430691719055176,-0.7430691719055176,17.0,15
2026-R13,2026,13,B0,bortoleto,True,11.0,12,-0.22061274945735931,-0.22061274945735931,14.0,10
2026-R13,2026,13,B0,bottas,False,22.0,20,-1.693844199180603,-1.693844199180603,21.0,21
2026-R13,2026,13,B0,colapinto,True,15.0,14,-0.7246464490890503,-0.7246464490890503,13.0,14
2026-R13,2026,13,B0,gasly,True,12.0,10,-0.006456906907260418,-0.006456906907260418,12.0,13
2026-R13,2026,13,B0,hadjar,True,6.0,8,0.6104520559310913,0.6104520559310913,8.0,8
2026-R13,2026,13,B0,hamilton,True,5.0,3,1.0047264099121094,1.0047264099121094,2.0,1
2026-R13,2026,13,B0,hulkenberg,True,9.0,13,-0.3171776533126831,-0.3171776533126831,10.0,12
2026-R13,2026,13,B0,lawson,True,8.0,9,0.2203783541917801,0.2203783541917801,11.0,9
2026-R13,2026,13,B0,leclerc,True,4.0,4,0.9563478827476501,0.9563478827476501,3.0,5
2026-R13,2026,13,B0,max_verstappen,True,2.0,5,0.7192736268043518,0.7192736268043518,6.0,7
2026-R13,2026,13,B0,norris,True,1.0,6,0.6821145415306091,0.6821145415306091,1.0,3
2026-R13,2026,13,B0,ocon,True,16.0,17,-0.9209780097007751,-0.9209780097007751,15.0,16
2026-R13,2026,13,B0,perez,False,21.0,21,-1.7861499786376953,-1.7861499786376953,22.0,20
2026-R13,2026,13,B0,piastri,False,20.0,7,0.6770395040512085,0.6770395040512085,5.0,6
2026-R13,2026,13,B0,russell,True,7.0,1,1.1389323472976685,1.1389323472976685,7.0,4
2026-R13,2026,13,B0,sainz,True,18.0,16,-0.7920141816139221,-0.7920141816139221,18.0,17
2026-R13,2026,13,B0,stroll,True,13.0,22,-1.8996459245681763,-1.8996459245681763,20.0,22
2026-R13,2026,13,B1,albon,True,17.0,17,-0.8767979145050049,-0.8767979145050049,19.0,19
2026-R13,2026,13,B1,alonso,True,14.0,19,-1.3656326532363892,-1.3656326532363892,16.0,17
2026-R13,2026,13,B1,antonelli,True,3.0,1,1.151634931564331,1.151634931564331,4.0,3
2026-R13,2026,13,B1,arvid_lindblad,True,10.0,10,-0.1900395154953003,-0.1900395154953003,9.0,12
2026-R13,2026,13,B1,bearman,True,19.0,14,-0.6936655640602112,-0.6936655640602112,17.0,15
2026-R13,2026,13,B1,bortoleto,True,11.0,12,-0.2503551244735718,-0.2503551244735718,14.0,11
2026-R13,2026,13,B1,bottas,False,22.0,20,-1.5578594207763672,-1.5578594207763672,21.0,21
2026-R13,2026,13,B1,colapinto,True,15.0,15,-0.745124876499176,-0.745124876499176,13.0,16
2026-R13,2026,13,B1,gasly,True,12.0,11,-0.2283448427915573,-0.2283448427915573,12.0,13
2026-R13,2026,13,B1,hadjar,True,6.0,8,0.5284296274185181,0.5284296274185181,8.0,8
2026-R13,2026,13,B1,hamilton,True,5.0,2,1.084701418876648,1.084701418876648,2.0,1
2026-R13,2026,13,B1,hulkenberg,True,9.0,13,-0.3031037151813507,-0.3031037151813507,10.0,10
2026-R13,2026,13,B1,lawson,True,8.0,9,0.17531533539295197,0.17531533539295197,11.0,9
2026-R13,2026,13,B1,leclerc,True,4.0,4,0.8943745493888855,0.8943745493888855,3.0,4
2026-R13,2026,13,B1,max_verstappen,True,2.0,7,0.7275620102882385,0.7275620102882385,6.0,7
2026-R13,2026,13,B1,norris,True,1.0,5,0.8617780208587646,0.8617780208587646,1.0,2
2026-R13,2026,13,B1,ocon,True,16.0,18,-0.925484836101532,-0.925484836101532,15.0,14
2026-R13,2026,13,B1,perez,False,21.0,21,-1.6283107995986938,-1.6283107995986938,22.0,22
2026-R13,2026,13,B1,piastri,False,20.0,6,0.7513681054115295,0.7513681054115295,5.0,5
2026-R13,2026,13,B1,russell,True,7.0,3,0.931313157081604,0.931313157081604,7.0,6
2026-R13,2026,13,B1,sainz,True,18.0,16,-0.8321899175643921,-0.8321899175643921,18.0,18
2026-R13,2026,13,B1,stroll,True,13.0,22,-1.763731598854065,-1.763731598854065,20.0,20
2026-R13,2026,13,B3,albon,True,17.0,19,-0.8767979145050049,-1.0192031436926487,19.0,19
2026-R13,2026,13,B3,alonso,True,14.0,18,-1.3656326532363892,-1.008191089306778,16.0,17
2026-R13,2026,13,B3,antonelli,True,3.0,2,1.151634931564331,1.3767700083181234,4.0,3
2026-R13,2026,13,B3,arvid_lindblad,True,10.0,12,-0.1900395154953003,-0.0489474294772418,9.0,12
2026-R13,2026,13,B3,bearman,True,19.0,15,-0.6936655640602112,-0.5461035083498789,17.0,15
2026-R13,2026,13,B3,bortoleto,True,11.0,11,-0.2503551244735718,0.028098628505533105,14.0,11
2026-R13,2026,13,B3,bottas,False,22.0,21,-1.5578594207763672,-1.48482472061806,21.0,21
2026-R13,2026,13,B3,colapinto,True,15.0,16,-0.745124876499176,-0.6665841391628838,13.0,16
2026-R13,2026,13,B3,gasly,True,12.0,13,-0.2283448427915573,-0.16431655836795064,12.0,13
2026-R13,2026,13,B3,hadjar,True,6.0,8,0.5284296274185181,0.6321785198756402,8.0,8
2026-R13,2026,13,B3,hamilton,True,5.0,1,1.084701418876648,1.5517284944921594,2.0,1
2026-R13,2026,13,B3,hulkenberg,True,9.0,10,-0.3031037151813507,0.10808515114719623,10.0,10
2026-R13,2026,13,B3,lawson,True,8.0,9,0.17531533539295197,0.39447789897606333,11.0,9
2026-R13,2026,13,B3,leclerc,True,4.0,4,0.8943745493888855,1.1763172206145653,3.0,4
2026-R13,2026,13,B3,max_verstappen,True,2.0,7,0.7275620102882385,0.8100433711502779,6.0,7
2026-R13,2026,13,B3,norris,True,1.0,3,0.8617780208587646,1.3646187019815477,1.0,2
2026-R13,2026,13,B3,ocon,True,16.0,14,-0.925484836101532,-0.5357019914637309,15.0,14
2026-R13,2026,13,B3,perez,False,21.0,22,-1.6283107995986938,-1.6126854710506122,22.0,22
2026-R13,2026,13,B3,piastri,False,20.0,5,0.7513681054115295,1.0202623258988375,5.0,5
2026-R13,2026,13,B3,russell,True,7.0,6,0.931313157081604,0.9897030260846591,7.0,6
2026-R13,2026,13,B3,sainz,True,18.0,17,-0.8321899175643921,-0.9013848628792936,18.0,18
2026-R13,2026,13,B3,stroll,True,13.0,20,-1.763731598854065,-1.4643404326755238,20.0,20
2026-R13,2026,13,B2,albon,True,17.0,18,-1.0530459880828857,-1.0530459880828857,19.0,18
2026-R13,2026,13,B2,alonso,True,14.0,19,-1.5171653032302856,-1.5171653032302856,16.0,17
2026-R13,2026,13,B2,antonelli,True,3.0,2,1.112161636352539,1.112161636352539,4.0,4
2026-R13,2026,13,B2,arvid_lindblad,True,10.0,11,-0.19285134971141815,-0.19285134971141815,9.0,12
2026-R13,2026,13,B2,bearman,True,19.0,14,-0.7295224666595459,-0.7295224666595459,17.0,15
2026-R13,2026,13,B2,bortoleto,True,11.0,12,-0.2559370696544647,-0.2559370696544647,14.0,11
2026-R13,2026,13,B2,bottas,False,22.0,20,-1.5800176858901978,-1.5800176858901978,21.0,21
2026-R13,2026,13,B2,colapinto,True,15.0,15,-0.8791096210479736,-0.8791096210479736,13.0,16
2026-R13,2026,13,B2,gasly,True,12.0,10,-0.13143566250801086,-0.13143566250801086,12.0,13
2026-R13,2026,13,B2,hadjar,True,6.0,8,0.6150370240211487,0.6150370240211487,8.0,8
2026-R13,2026,13,B2,hamilton,True,5.0,1,1.1317399740219116,1.1317399740219116,2.0,1
2026-R13,2026,13,B2,hulkenberg,True,9.0,13,-0.289546936750412,-0.289546936750412,10.0,10
2026-R13,2026,13,B2,lawson,True,8.0,9,0.2596060335636139,0.2596060335636139,11.0,9
2026-R13,2026,13,B2,leclerc,True,4.0,4,0.9055039882659912,0.9055039882659912,3.0,3
2026-R13,2026,13,B2,max_verstappen,True,2.0,6,0.657473623752594,0.657473623752594,6.0,7
2026-R13,2026,13,B2,norris,True,1.0,5,0.7465579509735107,0.7465579509735107,1.0,2
2026-R13,2026,13,B2,ocon,True,16.0,16,-0.8819937705993652,-0.8819937705993652,15.0,14
2026-R13,2026,13,B2,perez,False,21.0,21,-1.6154168844223022,-1.6154168844223022,22.0,22
2026-R13,2026,13,B2,piastri,False,20.0,7,0.6563538312911987,0.6563538312911987,5.0,5
2026-R13,2026,13,B2,russell,True,7.0,3,1.0137465000152588,1.0137465000152588,7.0,6
2026-R13,2026,13,B2,sainz,True,18.0,17,-0.8888147473335266,-0.8888147473335266,18.0,19
2026-R13,2026,13,B2,stroll,True,13.0,22,-1.7386587858200073,-1.7386587858200073,20.0,20
2026-R13,2026,13,B4,albon,True,17.0,17,-1.0530459880828857,-0.9741595343367064,19.0,18
2026-R13,2026,13,B4,alonso,True,14.0,19,-1.5171653032302856,-1.0507390413971072,16.0,17
2026-R13,2026,13,B4,antonelli,True,3.0,4,1.112161636352539,1.2586538837453665,4.0,4
2026-R13,2026,13,B4,arvid_lindblad,True,10.0,12,-0.19285134971141815,-0.043086991536659194,9.0,12
2026-R13,2026,13,B4,bearman,True,19.0,15,-0.7295224666595459,-0.5492816409896385,17.0,15
2026-R13,2026,13,B4,bortoleto,True,11.0,11,-0.2559370696544647,0.0333296023968017,14.0,11
2026-R13,2026,13,B4,bottas,False,22.0,21,-1.5800176858901978,-1.4766538122293085,21.0,21
2026-R13,2026,13,B4,colapinto,True,15.0,16,-0.8791096210479736,-0.7068338827814609,13.0,16
2026-R13,2026,13,B4,gasly,True,12.0,13,-0.13143566250801086,-0.12014071039120483,12.0,13
2026-R13,2026,13,B4,hadjar,True,6.0,8,0.6150370240211487,0.6670623249727674,8.0,8
2026-R13,2026,13,B4,hamilton,True,5.0,1,1.1317399740219116,1.5675753370676937,2.0,1
2026-R13,2026,13,B4,hulkenberg,True,9.0,10,-0.289546936750412,0.120991365346033,10.0,10
2026-R13,2026,13,B4,lawson,True,8.0,9,0.2596060335636139,0.43097974380589843,11.0,9
2026-R13,2026,13,B4,leclerc,True,4.0,3,0.9055039882659912,1.2802971482600456,3.0,3
2026-R13,2026,13,B4,max_verstappen,True,2.0,7,0.657473623752594,0.7837361533900336,6.0,7
2026-R13,2026,13,B4,norris,True,1.0,2,0.7465579509735107,1.3201426045883782,1.0,2
2026-R13,2026,13,B4,ocon,True,16.0,14,-0.8819937705993652,-0.5069660450775451,15.0,14
2026-R13,2026,13,B4,perez,False,21.0,22,-1.6154168844223022,-1.590642840775681,22.0,22
2026-R13,2026,13,B4,piastri,False,20.0,6,0.6563538312911987,0.9842771011743972,5.0,5
2026-R13,2026,13,B4,russell,True,7.0,5,1.0137465000152588,1.0201399177375818,7.0,6
2026-R13,2026,13,B4,sainz,True,18.0,18,-0.8888147473335266,-1.0119886620294056,18.0,19
2026-R13,2026,13,B4,stroll,True,13.0,20,-1.7386587858200073,-1.4366920209402796,20.0,20
