{
  "baseline": "baseline_multiyear",
  "candidate": "quali_col_0p7_multiyear",
  "models": {
    "quali": {
      "n_folds": 97,
      "folds": [
        "2022:1",
        "2022:2",
        "2022:3",
        "2022:4",
        "2022:5",
        "2022:6",
        "2022:7",
        "2022:8",
        "2022:9",
        "2022:10",
        "2022:11",
        "2022:12",
        "2022:13",
        "2022:14",
        "2022:15",
        "2022:16",
        "2022:17",
        "2022:18",
        "2022:19",
        "2022:20",
        "2022:21",
        "2022:22",
        "2023:1",
        "2023:2",
        "2023:3",
        "2023:4",
        "2023:5",
        "2023:6",
        "2023:7",
        "2023:8",
        "2023:9",
        "2023:10",
        "2023:11",
        "2023:12",
        "2023:13",
        "2023:14",
        "2023:15",
        "2023:16",
        "2023:17",
        "2023:18",
        "2023:19",
        "2023:20",
        "2023:21",
        "2023:22",
        "2024:1",
        "2024:2",
        "2024:3",
        "2024:4",
        "2024:5",
        "2024:6",
        "2024:7",
        "2024:8",
        "2024:9",
        "2024:10",
        "2024:11",
        "2024:12",
        "2024:13",
        "2024:14",
        "2024:15",
        "2024:16",
        "2024:17",
        "2024:18",
        "2024:19",
        "2024:20",
        "2024:21",
        "2024:22",
        "2024:23",
        "2024:24",
        "2025:1",
        "2025:2",
        "2025:3",
        "2025:4",
        "2025:5",
        "2025:6",
        "2025:7",
        "2025:8",
        "2025:9",
        "2025:10",
        "2025:11",
        "2025:12",
        "2025:13",
        "2025:14",
        "2025:15",
        "2025:16",
        "2025:17",
        "2025:18",
        "2025:19",
        "2025:20",
        "2025:21",
        "2025:22",
        "2025:23",
        "2025:24",
        "2026:1",
        "2026:2",
        "2026:3",
        "2026:6",
        "2026:7"
      ],
      "baseline_mae_mean": 3.288534010753218,
      "candidate_mae_mean": 3.2982119074631284,
      "mae_delta_mean": 0.009677896709909725,
      "mae_delta_ci_95": [
        -0.032887091205051094,
        0.051438242983278225
      ],
      "p_value_uncorrected": 0.6466,
      "excludes_zero": false,
      "direction": "candidate worse",
      "verdict": "no improvement",
      "per_season": {
        "2022": {
          "n_folds": 22,
          "delta_mean": 0.07272727272727271,
          "baseline_mae_mean": 2.9954545454545456,
          "candidate_mae_mean": 3.0681818181818183
        },
        "2023": {
          "n_folds": 22,
          "delta_mean": 0.05454545454545456,
          "baseline_mae_mean": 3.6159090909090916,
          "candidate_mae_mean": 3.6704545454545454
        },
        "2024": {
          "n_folds": 24,
          "delta_mean": -0.008114035087719343,
          "baseline_mae_mean": 3.2046052631578945,
          "candidate_mae_mean": 3.1964912280701747
        },
        "2025": {
          "n_folds": 24,
          "delta_mean": -0.04671052631578946,
          "baseline_mae_mean": 3.3927631578947364,
          "candidate_mae_mean": 3.3460526315789476
        },
        "2026": {
          "n_folds": 5,
          "delta_mean": -0.10909090909090904,
          "baseline_mae_mean": 3.0401913875598088,
          "candidate_mae_mean": 2.9311004784689
        }
      }
    },
    "race": {
      "n_folds": 97,
      "folds": [
        "2022:1",
        "2022:2",
        "2022:3",
        "2022:4",
        "2022:5",
        "2022:6",
        "2022:7",
        "2022:8",
        "2022:9",
        "2022:10",
        "2022:11",
        "2022:12",
        "2022:13",
        "2022:14",
        "2022:15",
        "2022:16",
        "2022:17",
        "2022:18",
        "2022:19",
        "2022:20",
        "2022:21",
        "2022:22",
        "2023:1",
        "2023:2",
        "2023:3",
        "2023:4",
        "2023:5",
        "2023:6",
        "2023:7",
        "2023:8",
        "2023:9",
        "2023:10",
        "2023:11",
        "2023:12",
        "2023:13",
        "2023:14",
        "2023:15",
        "2023:16",
        "2023:17",
        "2023:18",
        "2023:19",
        "2023:20",
        "2023:21",
        "2023:22",
        "2024:1",
        "2024:2",
        "2024:3",
        "2024:4",
        "2024:5",
        "2024:6",
        "2024:7",
        "2024:8",
        "2024:9",
        "2024:10",
        "2024:11",
        "2024:12",
        "2024:13",
        "2024:14",
        "2024:15",
        "2024:16",
        "2024:17",
        "2024:18",
        "2024:19",
        "2024:20",
        "2024:21",
        "2024:22",
        "2024:23",
        "2024:24",
        "2025:1",
        "2025:2",
        "2025:3",
        "2025:4",
        "2025:5",
        "2025:6",
        "2025:7",
        "2025:8",
        "2025:9",
        "2025:10",
        "2025:11",
        "2025:12",
        "2025:13",
        "2025:14",
        "2025:15",
        "2025:16",
        "2025:17",
        "2025:18",
        "2025:19",
        "2025:20",
        "2025:21",
        "2025:22",
        "2025:23",
        "2025:24",
        "2026:1",
        "2026:2",
        "2026:3",
        "2026:6",
        "2026:7"
      ],
      "baseline_mae_mean": 3.5835742120061167,
      "candidate_mae_mean": 3.5835742120061167,
      "mae_delta_mean": 0.0,
      "mae_delta_ci_95": [
        0.0,
        0.0
      ],
      "p_value_uncorrected": 1.0,
      "excludes_zero": false,
      "direction": "candidate worse",
      "verdict": "no improvement",
      "per_season": {
        "2022": {
          "n_folds": 22,
          "delta_mean": 0.0,
          "baseline_mae_mean": 3.8181818181818175,
          "candidate_mae_mean": 3.8181818181818175
        },
        "2023": {
          "n_folds": 22,
          "delta_mean": 0.0,
          "baseline_mae_mean": 3.5090909090909097,
          "candidate_mae_mean": 3.5090909090909097
        },
        "2024": {
          "n_folds": 24,
          "delta_mean": 0.0,
          "baseline_mae_mean": 3.2052631578947364,
          "candidate_mae_mean": 3.2052631578947364
        },
        "2025": {
          "n_folds": 24,
          "delta_mean": 0.0,
          "baseline_mae_mean": 3.5447368421052627,
          "candidate_mae_mean": 3.5447368421052627
        },
        "2026": {
          "n_folds": 5,
          "delta_mean": 0.0,
          "baseline_mae_mean": 4.881339712918661,
          "candidate_mae_mean": 4.881339712918661
        }
      }
    },
    "sprint": {
      "n_folds": 24,
      "folds": [
        "2022:4",
        "2022:11",
        "2022:21",
        "2023:4",
        "2023:9",
        "2023:12",
        "2023:17",
        "2023:18",
        "2023:20",
        "2024:5",
        "2024:6",
        "2024:11",
        "2024:19",
        "2024:21",
        "2024:23",
        "2025:2",
        "2025:6",
        "2025:13",
        "2025:19",
        "2025:21",
        "2025:23",
        "2026:2",
        "2026:6",
        "2026:7"
      ],
      "baseline_mae_mean": 0.11120414673046253,
      "candidate_mae_mean": 0.11120414673046253,
      "mae_delta_mean": 0.0,
      "mae_delta_ci_95": [
        0.0,
        0.0
      ],
      "p_value_uncorrected": 1.0,
      "excludes_zero": false,
      "direction": "candidate worse",
      "verdict": "no improvement",
      "per_season": {
        "2022": {
          "n_folds": 3,
          "delta_mean": 0.0,
          "baseline_mae_mean": 0.4333333333333333,
          "candidate_mae_mean": 0.4333333333333333
        },
        "2023": {
          "n_folds": 6,
          "delta_mean": 0.0,
          "baseline_mae_mean": 0.06666666666666667,
          "candidate_mae_mean": 0.06666666666666667
        },
        "2024": {
          "n_folds": 6,
          "delta_mean": 0.0,
          "baseline_mae_mean": 0.06666666666666667,
          "candidate_mae_mean": 0.06666666666666667
        },
        "2025": {
          "n_folds": 6,
          "delta_mean": 0.0,