{
  "baseline": "baseline_multiyear",
  "candidate": "catboost_multiyear",
  "models": {
    "quali": {
      "n_folds": 97,
      "folds": [
        "2022:1",
        "2022:2",
        "2022:3",
        "2022:4",
        "2022:5",
        "2022:6",
        "2022:7",
        "2022:8",
        "2022:9",
        "2022:10",
        "2022:11",
        "2022:12",
        "2022:13",
        "2022:14",
        "2022:15",
        "2022:16",
        "2022:17",
        "2022:18",
        "2022:19",
        "2022:20",
        "2022:21",
        "2022:22",
        "2023:1",
        "2023:2",
        "2023:3",
        "2023:4",
        "2023:5",
        "2023:6",
        "2023:7",
        "2023:8",
        "2023:9",
        "2023:10",
        "2023:11",
        "2023:12",
        "2023:13",
        "2023:14",
        "2023:15",
        "2023:16",
        "2023:17",
        "2023:18",
        "2023:19",
        "2023:20",
        "2023:21",
        "2023:22",
        "2024:1",
        "2024:2",
        "2024:3",
        "2024:4",
        "2024:5",
        "2024:6",
        "2024:7",
        "2024:8",
        "2024:9",
        "2024:10",
        "2024:11",
        "2024:12",
        "2024:13",
        "2024:14",
        "2024:15",
        "2024:16",
        "2024:17",
        "2024:18",
        "2024:19",
        "2024:20",
        "2024:21",
        "2024:22",
        "2024:23",
        "2024:24",
        "2025:1",
        "2025:2",
        "2025:3",
        "2025:4",
        "2025:5",
        "2025:6",
        "2025:7",
        "2025:8",
        "2025:9",
        "2025:10",
        "2025:11",
        "2025:12",
        "2025:13",
        "2025:14",
        "2025:15",
        "2025:16",
        "2025:17",
        "2025:18",
        "2025:19",
        "2025:20",
        "2025:21",
        "2025:22",
        "2025:23",
        "2025:24",
        "2026:1",
        "2026:2",
        "2026:3",
        "2026:6",
        "2026:7"
      ],
      "baseline_mae_mean": 3.288534010753218,
      "candidate_mae_mean": 3.1760790213584573,
      "mae_delta_mean": -0.11245498939476152,
      "mae_delta_ci_95": [
        -0.18929425837320574,
        -0.03455827948502936
      ],
      "p_value_uncorrected": 0.0046,
      "excludes_zero": true,
      "direction": "candidate better",
      "verdict": "STATISTICALLY BETTER (95% CI on improvement excludes zero)",
      "per_season": {
        "2022": {
          "n_folds": 22,
          "delta_mean": 0.018181818181818136,
          "baseline_mae_mean": 2.9954545454545456,
          "candidate_mae_mean": 3.013636363636363
        },
        "2023": {
          "n_folds": 22,
          "delta_mean": -0.022727272727272707,
          "baseline_mae_mean": 3.6159090909090916,
          "candidate_mae_mean": 3.5931818181818183
        },
        "2024": {
          "n_folds": 24,
          "delta_mean": -0.2035087719298246,
          "baseline_mae_mean": 3.2046052631578945,
          "candidate_mae_mean": 3.0010964912280698
        },
        "2025": {
          "n_folds": 24,
          "delta_mean": -0.23486842105263153,
          "baseline_mae_mean": 3.3927631578947364,
          "candidate_mae_mean": 3.157894736842105
        },
        "2026": {
          "n_folds": 5,
          "delta_mean": -0.05741626794258385,
          "baseline_mae_mean": 3.0401913875598088,
          "candidate_mae_mean": 2.9827751196172247
        }
      }
    },
    "race": {
      "n_folds": 97,
      "folds": [
        "2022:1",
        "2022:2",
        "2022:3",
        "2022:4",
        "2022:5",
        "2022:6",
        "2022:7",
        "2022:8",
        "2022:9",
        "2022:10",
        "2022:11",
        "2022:12",
        "2022:13",
        "2022:14",
        "2022:15",
        "2022:16",
        "2022:17",
        "2022:18",
        "2022:19",
        "2022:20",
        "2022:21",
        "2022:22",
        "2023:1",
        "2023:2",
        "2023:3",
        "2023:4",
        "2023:5",
        "2023:6",
        "2023:7",
        "2023:8",
        "2023:9",
        "2023:10",
        "2023:11",
        "2023:12",
        "2023:13",
        "2023:14",
        "2023:15",
        "2023:16",
        "2023:17",
        "2023:18",
        "2023:19",
        "2023:20",
        "2023:21",
        "2023:22",
        "2024:1",
        "2024:2",
        "2024:3",
        "2024:4",
        "2024:5",
        "2024:6",
        "2024:7",
        "2024:8",
        "2024:9",
        "2024:10",
        "2024:11",
        "2024:12",
        "2024:13",
        "2024:14",
        "2024:15",
        "2024:16",
        "2024:17",
        "2024:18",
        "2024:19",
        "2024:20",
        "2024:21",
        "2024:22",
        "2024:23",
        "2024:24",
        "2025:1",
        "2025:2",
        "2025:3",
        "2025:4",
        "2025:5",
        "2025:6",
        "2025:7",
        "2025:8",
        "2025:9",
        "2025:10",
        "2025:11",
        "2025:12",
        "2025:13",
        "2025:14",
        "2025:15",
        "2025:16",
        "2025:17",
        "2025:18",
        "2025:19",
        "2025:20",
        "2025:21",
        "2025:22",
        "2025:23",
        "2025:24",
        "2026:1",
        "2026:2",
        "2026:3",
        "2026:6",
        "2026:7"
      ],
      "baseline_mae_mean": 3.5835742120061167,
      "candidate_mae_mean": 3.406935332708529,
      "mae_delta_mean": -0.1766388792975879,
      "mae_delta_ci_95": [
        -0.2598631184333843,
        -0.0978877077886844
      ],
      "p_value_uncorrected": 0.0001,
      "excludes_zero": true,
      "direction": "candidate better",
      "verdict": "STATISTICALLY BETTER (95% CI on improvement excludes zero)",
      "per_season": {
        "2022": {
          "n_folds": 22,
          "delta_mean": -0.09999999999999995,
          "baseline_mae_mean": 3.8181818181818175,
          "candidate_mae_mean": 3.7181818181818187
        },
        "2023": {
          "n_folds": 22,
          "delta_mean": -0.09545454545454547,
          "baseline_mae_mean": 3.5090909090909097,
          "candidate_mae_mean": 3.4136363636363627
        },
        "2024": {
          "n_folds": 24,
          "delta_mean": -0.19166666666666665,
          "baseline_mae_mean": 3.2052631578947364,
          "candidate_mae_mean": 3.01359649122807
        },
        "2025": {
          "n_folds": 24,
          "delta_mean": -0.2124999999999999,
          "baseline_mae_mean": 3.5447368421052627,
          "candidate_mae_mean": 3.3322368421052637
        },
        "2026": {
          "n_folds": 5,
          "delta_mean": -0.6267942583732056,
          "baseline_mae_mean": 4.881339712918661,
          "candidate_mae_mean": 4.254545454545455
        }
      }
    },
    "sprint": {
      "n_folds": 24,
      "folds": [
        "2022:4",
        "2022:11",
        "2022:21",
        "2023:4",
        "2023:9",
        "2023:12",
        "2023:17",
        "2023:18",
        "2023:20",
        "2024:5",
        "2024:6",
        "2024:11",
        "2024:19",
        "2024:21",
        "2024:23",
        "2025:2",
        "2025:6",
        "2025:13",
        "2025:19",
        "2025:21",
        "2025:23",
        "2026:2",
        "2026:6",
        "2026:7"
      ],
      "baseline_mae_mean": 0.11120414673046253,
      "candidate_mae_mean": 0.13620414673046252,
      "mae_delta_mean": 0.024999999999999998,
      "mae_delta_ci_95": [
        -0.024621212121212127,
        0.08143939393939394
      ],
      "p_value_uncorrected": 0.3712,
      "excludes_zero": false,
      "direction": "candidate worse",
      "verdict": "no improvement",
      "per_season": {
        "2022": {
          "n_folds": 3,
          "delta_mean": 0.20000000000000004,
          "baseline_mae_mean": 0.4333333333333333,
          "candidate_mae_mean": 0.6333333333333333
        },
        "2023": {
          "n_folds": 6,
          "delta_mean": 0.08333333333333336,
          "baseline_mae_mean": 0.06666666666666667,