{
  "baseline": "baseline",
  "candidate": "weight_4",
  "models": {
    "quali": {
      "n_folds": 5,
      "rounds": [
        1,
        2,
        3,
        6,
        7
      ],
      "baseline_mae_mean": 3.0401913875598088,
      "candidate_mae_mean": 2.967464114832536,
      "mae_delta_mean": -0.07272727272727283,
      "mae_delta_ci_95": [
        -0.36363636363636387,
        0.12727272727272715
      ],
      "excludes_zero": false,
      "direction": "candidate better",
      "verdict": "directional improvement (CI includes zero \u2014 not statistically significant)"
    },
    "race": {
      "n_folds": 5,
      "rounds": [
        1,
        2,
        3,
        6,
        7
      ],
      "baseline_mae_mean": 4.881339712918661,
      "candidate_mae_mean": 4.954066985645933,
      "mae_delta_mean": 0.07272727272727302,
      "mae_delta_ci_95": [
        -0.018181818181818167,
        0.1636363636363642
      ],
      "excludes_zero": false,
      "direction": "candidate worse",
      "verdict": "no improvement"
    },
    "sprint": {
      "n_folds": 3,
      "rounds": [
        2,
        6,
        7
      ],
      "baseline_mae_mean": 0.12121212121212122,
      "candidate_mae_mean": 0.12121212121212122,
      "mae_delta_mean": 0.0,
      "mae_delta_ci_95": [
        0.0,
        0.0
      ],
      "excludes_zero": false,
      "direction": "candidate worse",
      "verdict": "no improvement"
    }
  }
}