{
  "baseline": "baseline",
  "candidate": "lightgbm_baseline",
  "models": {
    "quali": {
      "n_folds": 5,
      "rounds": [
        1,
        2,
        3,
        6,
        7
      ],
      "baseline_mae_mean": 3.0401913875598088,
      "candidate_mae_mean": 3.0191387559808613,
      "mae_delta_mean": -0.021052631578947434,
      "mae_delta_ci_95": [
        -0.4392344497607657,
        0.290909090909091
      ],
      "excludes_zero": false,
      "direction": "candidate better",
      "verdict": "directional improvement (CI includes zero \u2014 not statistically significant)"
    },
    "race": {
      "n_folds": 5,
      "rounds": [
        1,
        2,
        3,
        6,
        7
      ],
      "baseline_mae_mean": 4.881339712918661,
      "candidate_mae_mean": 4.4851674641148325,
      "mae_delta_mean": -0.39617224880382756,
      "mae_delta_ci_95": [
        -1.2,
        0.24019138755980896
      ],
      "excludes_zero": false,
      "direction": "candidate better",
      "verdict": "directional improvement (CI includes zero \u2014 not statistically significant)"
    },
    "sprint": {
      "n_folds": 3,
      "rounds": [
        2,
        6,
        7
      ],
      "baseline_mae_mean": 0.12121212121212122,
      "candidate_mae_mean": 0.606060606060606,
      "mae_delta_mean": 0.48484848484848486,
      "mae_delta_ci_95": [
        0.3636363636363636,
        0.6363636363636364
      ],
      "excludes_zero": true,
      "direction": "candidate worse",
      "verdict": "STATISTICALLY WORSE (95% CI on regression excludes zero)"
    }
  }
}