{
  "baseline": "baseline",
  "candidate": "weight_5",
  "models": {
    "quali": {
      "n_folds": 5,
      "rounds": [
        1,
        2,
        3,
        6,
        7
      ],
      "baseline_mae_mean": 3.0401913875598088,
      "candidate_mae_mean": 3.0401913875598088,
      "mae_delta_mean": 0.0,
      "mae_delta_ci_95": [
        -0.18181818181818202,
        0.2000000000000001
      ],
      "excludes_zero": false,
      "direction": "candidate worse",
      "verdict": "no improvement"
    },
    "race": {
      "n_folds": 5,
      "rounds": [
        1,
        2,
        3,
        6,
        7
      ],
      "baseline_mae_mean": 4.881339712918661,
      "candidate_mae_mean": 4.954066985645932,
      "mae_delta_mean": 0.07272727272727283,
      "mae_delta_ci_95": [
        -0.2545454545454543,
        0.4545454545454547
      ],
      "excludes_zero": false,
      "direction": "candidate worse",
      "verdict": "no improvement"
    },
    "sprint": {
      "n_folds": 3,
      "rounds": [
        2,
        6,
        7
      ],
      "baseline_mae_mean": 0.12121212121212122,
      "candidate_mae_mean": 0.12121212121212122,
      "mae_delta_mean": 0.0,
      "mae_delta_ci_95": [
        0.0,
        0.0
      ],
      "excludes_zero": false,
      "direction": "candidate worse",
      "verdict": "no improvement"
    }
  }
}