{
  "baseline": "baseline",
  "candidate": "ensemble_xgb_best_plus_lgbm",
  "models": {
    "quali": {
      "n_folds": 5,
      "rounds": [
        1,
        2,
        3,
        6,
        7
      ],
      "baseline_mae_mean": 3.0401913875598088,
      "candidate_mae_mean": 2.897607655502392,
      "mae_delta_mean": -0.14258373205741642,
      "mae_delta_ci_95": [
        -0.36363636363636387,
        0.060287081339712854
      ],
      "excludes_zero": false,
      "direction": "candidate better",
      "verdict": "directional improvement (CI includes zero \u2014 not statistically significant)"
    },
    "race": {
      "n_folds": 5,
      "rounds": [
        1,
        2,
        3,
        6,
        7
      ],
      "baseline_mae_mean": 4.881339712918661,
      "candidate_mae_mean": 4.4851674641148325,
      "mae_delta_mean": -0.39617224880382745,
      "mae_delta_ci_95": [
        -0.927272727272727,
        0.09090909090909136
      ],
      "excludes_zero": false,
      "direction": "candidate better",
      "verdict": "directional improvement (CI includes zero \u2014 not statistically significant)"
    },
    "sprint": {
      "n_folds": 3,
      "rounds": [
        2,
        6,
        7
      ],
      "baseline_mae_mean": 0.12121212121212122,
      "candidate_mae_mean": 0.3333333333333333,
      "mae_delta_mean": 0.21212121212121213,
      "mae_delta_ci_95": [
        0.1818181818181818,
        0.2727272727272727
      ],
      "excludes_zero": true,
      "direction": "candidate worse",
      "verdict": "STATISTICALLY WORSE (95% CI on regression excludes zero)"
    }
  }
}