{
  "baseline": "fp_baseline_nofp",
  "candidate": "fp_rich",
  "models": {
    "quali": {
      "n_folds": 97,
      "folds": [
        "2022:1",
        "2022:2",
        "2022:3",
        "2022:4",
        "2022:5",
        "2022:6",
        "2022:7",
        "2022:8",
        "2022:9",
        "2022:10",
        "2022:11",
        "2022:12",
        "2022:13",
        "2022:14",
        "2022:15",
        "2022:16",
        "2022:17",
        "2022:18",
        "2022:19",
        "2022:20",
        "2022:21",
        "2022:22",
        "2023:1",
        "2023:2",
        "2023:3",
        "2023:4",
        "2023:5",
        "2023:6",
        "2023:7",
        "2023:8",
        "2023:9",
        "2023:10",
        "2023:11",
        "2023:12",
        "2023:13",
        "2023:14",
        "2023:15",
        "2023:16",
        "2023:17",
        "2023:18",
        "2023:19",
        "2023:20",
        "2023:21",
        "2023:22",
        "2024:1",
        "2024:2",
        "2024:3",
        "2024:4",
        "2024:5",
        "2024:6",
        "2024:7",
        "2024:8",
        "2024:9",
        "2024:10",
        "2024:11",
        "2024:12",
        "2024:13",
        "2024:14",
        "2024:15",
        "2024:16",
        "2024:17",
        "2024:18",
        "2024:19",
        "2024:20",
        "2024:21",
        "2024:22",
        "2024:23",
        "2024:24",
        "2025:1",
        "2025:2",
        "2025:3",
        "2025:4",
        "2025:5",
        "2025:6",
        "2025:7",
        "2025:8",
        "2025:9",
        "2025:10",
        "2025:11",
        "2025:12",
        "2025:13",
        "2025:14",
        "2025:15",
        "2025:16",
        "2025:17",
        "2025:18",
        "2025:19",
        "2025:20",
        "2025:21",
        "2025:22",
        "2025:23",
        "2025:24",
        "2026:1",
        "2026:2",
        "2026:3",
        "2026:6",
        "2026:7"
      ],
      "baseline_mae_mean": 3.284814778276525,
      "candidate_mae_mean": 3.159194495141321,
      "mae_delta_mean": -0.12562028313520446,
      "mae_delta_ci_95": [
        -0.2068811966655157,
        -0.042457948996201866
      ],
      "p_value_uncorrected": 0.0032,
      "excludes_zero": true,
      "direction": "candidate better",
      "verdict": "STATISTICALLY BETTER (95% CI on improvement excludes zero)",
      "per_season": {
        "2022": {
          "n_folds": 22,
          "delta_mean": -0.0090909090909091,
          "baseline_mae_mean": 3.0227272727272734,
          "candidate_mae_mean": 3.0136363636363637
        },
        "2023": {
          "n_folds": 22,
          "delta_mean": -0.14999999999999997,
          "baseline_mae_mean": 3.665909090909091,
          "candidate_mae_mean": 3.5159090909090907
        },
        "2024": {
          "n_folds": 24,
          "delta_mean": -0.1368421052631579,
          "baseline_mae_mean": 3.154605263157895,
          "candidate_mae_mean": 3.0177631578947364
        },
        "2025": {
          "n_folds": 24,
          "delta_mean": -0.10921052631578947,
          "baseline_mae_mean": 3.3513157894736842,
          "candidate_mae_mean": 3.2421052631578946
        },
        "2026": {
          "n_folds": 5,
          "delta_mean": -0.555980861244019,
          "baseline_mae_mean": 3.0669856459330145,
          "candidate_mae_mean": 2.5110047846889954
        }
      }
    },
    "race": {
      "n_folds": 97,
      "folds": [
        "2022:1",
        "2022:2",
        "2022:3",
        "2022:4",
        "2022:5",
        "2022:6",
        "2022:7",
        "2022:8",
        "2022:9",
        "2022:10",
        "2022:11",
        "2022:12",
        "2022:13",
        "2022:14",
        "2022:15",
        "2022:16",
        "2022:17",
        "2022:18",
        "2022:19",
        "2022:20",
        "2022:21",
        "2022:22",
        "2023:1",
        "2023:2",
        "2023:3",
        "2023:4",
        "2023:5",
        "2023:6",
        "2023:7",
        "2023:8",
        "2023:9",
        "2023:10",
        "2023:11",
        "2023:12",
        "2023:13",
        "2023:14",
        "2023:15",
        "2023:16",
        "2023:17",
        "2023:18",
        "2023:19",
        "2023:20",
        "2023:21",
        "2023:22",
        "2024:1",
        "2024:2",
        "2024:3",
        "2024:4",
        "2024:5",
        "2024:6",
        "2024:7",
        "2024:8",
        "2024:9",
        "2024:10",
        "2024:11",
        "2024:12",
        "2024:13",
        "2024:14",
        "2024:15",
        "2024:16",
        "2024:17",
        "2024:18",
        "2024:19",
        "2024:20",
        "2024:21",
        "2024:22",
        "2024:23",
        "2024:24",
        "2025:1",
        "2025:2",
        "2025:3",
        "2025:4",
        "2025:5",
        "2025:6",
        "2025:7",
        "2025:8",
        "2025:9",
        "2025:10",
        "2025:11",
        "2025:12",
        "2025:13",
        "2025:14",
        "2025:15",
        "2025:16",
        "2025:17",
        "2025:18",
        "2025:19",
        "2025:20",
        "2025:21",
        "2025:22",
        "2025:23",
        "2025:24",
        "2026:1",
        "2026:2",
        "2026:3",
        "2026:6",
        "2026:7"
      ],
      "baseline_mae_mean": 3.6088393429684804,
      "candidate_mae_mean": 3.5858531051151776,
      "mae_delta_mean": -0.02298623785330244,
      "mae_delta_ci_95": [
        -0.12143281704730435,
        0.07037488284910966
      ],
      "p_value_uncorrected": 0.6542,
      "excludes_zero": false,
      "direction": "candidate better",
      "verdict": "directional improvement (CI includes zero \u2014 not statistically significant)",
      "per_season": {
        "2022": {
          "n_folds": 22,
          "delta_mean": 0.04545454545454535,
          "baseline_mae_mean": 3.790909090909091,
          "candidate_mae_mean": 3.836363636363636
        },
        "2023": {
          "n_folds": 22,
          "delta_mean": 0.009090909090909078,
          "baseline_mae_mean": 3.636363636363637,
          "candidate_mae_mean": 3.645454545454545
        },
        "2024": {
          "n_folds": 24,
          "delta_mean": 0.0006578947368421258,
          "baseline_mae_mean": 3.20109649122807,
          "candidate_mae_mean": 3.2017543859649122
        },
        "2025": {
          "n_folds": 24,
          "delta_mean": -0.0879385964912281,
          "baseline_mae_mean": 3.5410087719298247,
          "candidate_mae_mean": 3.453070175438597
        },
        "2026": {
          "n_folds": 5,
          "delta_mean": -0.2669856459330142,
          "baseline_mae_mean": 4.969377990430622,
          "candidate_mae_mean": 4.702392344497608
        }
      }
    },
    "sprint": null,
    "race_fp": null
  }
}