{
  "baseline": "baseline",
  "candidate": "quali_lr0p012_w2",
  "models": {
    "quali": {
      "n_folds": 5,
      "rounds": [
        1,
        2,
        3,
        6,
        7
      ],
      "baseline_mae_mean": 3.0401913875598088,
      "candidate_mae_mean": 2.8976076555023926,
      "mae_delta_mean": -0.14258373205741637,
      "mae_delta_ci_95": [
        -0.30909090909090914,
        0.023923444976076437
      ],
      "excludes_zero": false,
      "direction": "candidate better",
      "verdict": "directional improvement (CI includes zero \u2014 not statistically significant)"
    },
    "race": {
      "n_folds": 5,
      "rounds": [
        1,
        2,
        3,
        6,
        7
      ],
      "baseline_mae_mean": 4.881339712918661,
      "candidate_mae_mean": 5.117703349282296,
      "mae_delta_mean": 0.2363636363636366,
      "mae_delta_ci_95": [
        0.018181818181818344,
        0.45454545454545486
      ],
      "excludes_zero": true,
      "direction": "candidate worse",
      "verdict": "STATISTICALLY WORSE (95% CI on regression excludes zero)"
    },
    "sprint": {
      "n_folds": 3,
      "rounds": [
        2,
        6,
        7
      ],
      "baseline_mae_mean": 0.12121212121212122,
      "candidate_mae_mean": 0.12121212121212122,
      "mae_delta_mean": 0.0,
      "mae_delta_ci_95": [
        0.0,
        0.0
      ],
      "excludes_zero": false,
      "direction": "candidate worse",
      "verdict": "no improvement"
    }
  }
}