{
  "baseline": "baseline_multiyear",
  "candidate": "rf_multiyear",
  "models": {
    "quali": {
      "n_folds": 97,
      "folds": [
        "2022:1",
        "2022:2",
        "2022:3",
        "2022:4",
        "2022:5",
        "2022:6",
        "2022:7",
        "2022:8",
        "2022:9",
        "2022:10",
        "2022:11",
        "2022:12",
        "2022:13",
        "2022:14",
        "2022:15",
        "2022:16",
        "2022:17",
        "2022:18",
        "2022:19",
        "2022:20",
        "2022:21",
        "2022:22",
        "2023:1",
        "2023:2",
        "2023:3",
        "2023:4",
        "2023:5",
        "2023:6",
        "2023:7",
        "2023:8",
        "2023:9",
        "2023:10",
        "2023:11",
        "2023:12",
        "2023:13",
        "2023:14",
        "2023:15",
        "2023:16",
        "2023:17",
        "2023:18",
        "2023:19",
        "2023:20",
        "2023:21",
        "2023:22",
        "2024:1",
        "2024:2",
        "2024:3",
        "2024:4",
        "2024:5",
        "2024:6",
        "2024:7",
        "2024:8",
        "2024:9",
        "2024:10",
        "2024:11",
        "2024:12",
        "2024:13",
        "2024:14",
        "2024:15",
        "2024:16",
        "2024:17",
        "2024:18",
        "2024:19",
        "2024:20",
        "2024:21",
        "2024:22",
        "2024:23",
        "2024:24",
        "2025:1",
        "2025:2",
        "2025:3",
        "2025:4",
        "2025:5",
        "2025:6",
        "2025:7",
        "2025:8",
        "2025:9",
        "2025:10",
        "2025:11",
        "2025:12",
        "2025:13",
        "2025:14",
        "2025:15",
        "2025:16",
        "2025:17",
        "2025:18",
        "2025:19",
        "2025:20",
        "2025:21",
        "2025:22",
        "2025:23",
        "2025:24",
        "2026:1",
        "2026:2",
        "2026:3",
        "2026:6",
        "2026:7"
      ],
      "baseline_mae_mean": 3.288534010753218,
      "candidate_mae_mean": 3.2515389927489764,
      "mae_delta_mean": -0.03699501800424212,
      "mae_delta_ci_95": [
        -0.11071511369802202,
        0.03619259606373004
      ],
      "p_value_uncorrected": 0.3346,
      "excludes_zero": false,
      "direction": "candidate better",
      "verdict": "directional improvement (CI includes zero \u2014 not statistically significant)",
      "per_season": {
        "2022": {
          "n_folds": 22,
          "delta_mean": 0.036363636363636334,
          "baseline_mae_mean": 2.9954545454545456,
          "candidate_mae_mean": 3.0318181818181813
        },
        "2023": {
          "n_folds": 22,
          "delta_mean": 0.04090909090909089,
          "baseline_mae_mean": 3.6159090909090916,
          "candidate_mae_mean": 3.6568181818181817
        },
        "2024": {
          "n_folds": 24,
          "delta_mean": -0.17039473684210535,
          "baseline_mae_mean": 3.2046052631578945,
          "candidate_mae_mean": 3.034210526315789
        },
        "2025": {
          "n_folds": 24,
          "delta_mean": -0.042982456140350865,
          "baseline_mae_mean": 3.3927631578947364,
          "candidate_mae_mean": 3.3497807017543857
        },
        "2026": {
          "n_folds": 5,
          "delta_mean": -0.03349282296650728,
          "baseline_mae_mean": 3.0401913875598088,
          "candidate_mae_mean": 3.0066985645933015
        }
      }
    },
    "race": {
      "n_folds": 97,
      "folds": [
        "2022:1",
        "2022:2",
        "2022:3",
        "2022:4",
        "2022:5",
        "2022:6",
        "2022:7",
        "2022:8",
        "2022:9",
        "2022:10",
        "2022:11",
        "2022:12",
        "2022:13",
        "2022:14",
        "2022:15",
        "2022:16",
        "2022:17",
        "2022:18",
        "2022:19",
        "2022:20",
        "2022:21",
        "2022:22",
        "2023:1",
        "2023:2",
        "2023:3",
        "2023:4",
        "2023:5",
        "2023:6",
        "2023:7",
        "2023:8",
        "2023:9",
        "2023:10",
        "2023:11",
        "2023:12",
        "2023:13",
        "2023:14",
        "2023:15",
        "2023:16",
        "2023:17",
        "2023:18",
        "2023:19",
        "2023:20",
        "2023:21",
        "2023:22",
        "2024:1",
        "2024:2",
        "2024:3",
        "2024:4",
        "2024:5",
        "2024:6",
        "2024:7",
        "2024:8",
        "2024:9",
        "2024:10",
        "2024:11",
        "2024:12",
        "2024:13",
        "2024:14",
        "2024:15",
        "2024:16",
        "2024:17",
        "2024:18",
        "2024:19",
        "2024:20",
        "2024:21",
        "2024:22",
        "2024:23",
        "2024:24",
        "2025:1",
        "2025:2",
        "2025:3",
        "2025:4",
        "2025:5",
        "2025:6",
        "2025:7",
        "2025:8",
        "2025:9",
        "2025:10",
        "2025:11",
        "2025:12",
        "2025:13",
        "2025:14",
        "2025:15",
        "2025:16",
        "2025:17",
        "2025:18",
        "2025:19",
        "2025:20",
        "2025:21",
        "2025:22",
        "2025:23",
        "2025:24",
        "2026:1",
        "2026:2",
        "2026:3",
        "2026:6",
        "2026:7"
      ],
      "baseline_mae_mean": 3.5835742120061167,
      "candidate_mae_mean": 3.4943619592561532,
      "mae_delta_mean": -0.08921225274996299,
      "mae_delta_ci_95": [
        -0.1846758003255562,
        0.0023538696788831946
      ],
      "p_value_uncorrected": 0.0542,
      "excludes_zero": false,
      "direction": "candidate better",
      "verdict": "directional improvement (CI includes zero \u2014 not statistically significant)",
      "per_season": {
        "2022": {
          "n_folds": 22,
          "delta_mean": -0.0363636363636364,
          "baseline_mae_mean": 3.8181818181818175,
          "candidate_mae_mean": 3.7818181818181826
        },
        "2023": {
          "n_folds": 22,
          "delta_mean": 0.045454545454545504,
          "baseline_mae_mean": 3.5090909090909097,
          "candidate_mae_mean": 3.5545454545454547
        },
        "2024": {
          "n_folds": 24,
          "delta_mean": -0.13728070175438598,
          "baseline_mae_mean": 3.2052631578947364,
          "candidate_mae_mean": 3.0679824561403506
        },
        "2025": {
          "n_folds": 24,
          "delta_mean": -0.15964912280701754,
          "baseline_mae_mean": 3.5447368421052627,
          "candidate_mae_mean": 3.385087719298246
        },
        "2026": {
          "n_folds": 5,
          "delta_mean": -0.3454545454545454,
          "baseline_mae_mean": 4.881339712918661,
          "candidate_mae_mean": 4.535885167464114
        }
      }
    },
    "sprint": {
      "n_folds": 24,
      "folds": [
        "2022:4",
        "2022:11",
        "2022:21",
        "2023:4",
        "2023:9",
        "2023:12",
        "2023:17",
        "2023:18",
        "2023:20",
        "2024:5",
        "2024:6",
        "2024:11",
        "2024:19",
        "2024:21",
        "2024:23",
        "2025:2",
        "2025:6",
        "2025:13",
        "2025:19",
        "2025:21",
        "2025:23",
        "2026:2",
        "2026:6",
        "2026:7"
      ],
      "baseline_mae_mean": 0.11120414673046253,
      "candidate_mae_mean": 0.020295055821371612,
      "mae_delta_mean": -0.0909090909090909,
      "mae_delta_ci_95": [
        -0.15,
        -0.03825757575757576
      ],
      "p_value_uncorrected": 0.0002,
      "excludes_zero": true,
      "direction": "candidate better",
      "verdict": "STATISTICALLY BETTER (95% CI on improvement excludes zero)",
      "per_season": {
        "2022": {
          "n_folds": 3,
          "delta_mean": -0.3666666666666667,
          "baseline_mae_mean": 0.4333333333333333,
          "candidate_mae_mean": 0.06666666666666667
        },
        "2023": {
          "n_folds": 6,
          "delta_mean": -0.06666666666666667,