{
  "generated_at": "2026-06-15T10:03:37.762832+00:00",
  "weights": [
    0.0,
    0.1,
    0.2,
    0.3,
    0.4,
    0.5,
    0.55,
    0.6,
    0.65,
    0.7,
    0.75,
    0.8,
    0.85,
    0.9,
    1.0
  ],
  "per_round_mae": {
    "1": {
      "0.00": 2.736842105263158,
      "0.10": 2.4210526315789473,
      "0.20": 2.3157894736842106,
      "0.30": 2.0,
      "0.40": 1.6842105263157894,
      "0.50": 1.5789473684210527,
      "0.55": 1.5789473684210527,
      "0.60": 1.4736842105263157,
      "0.65": 1.6842105263157894,
      "0.70": 1.6842105263157894,
      "0.75": 1.5789473684210527,
      "0.80": 1.4736842105263157,
      "0.85": 1.368421052631579,
      "0.90": 1.263157894736842,
      "1.00": 1.368421052631579
    },
    "2": {
      "0.00": 2.727272727272727,
      "0.10": 2.727272727272727,
      "0.20": 2.727272727272727,
      "0.30": 2.727272727272727,
      "0.40": 2.727272727272727,
      "0.50": 2.727272727272727,
      "0.55": 2.727272727272727,
      "0.60": 2.727272727272727,
      "0.65": 2.727272727272727,
      "0.70": 2.727272727272727,
      "0.75": 2.727272727272727,
      "0.80": 2.727272727272727,
      "0.85": 2.727272727272727,
      "0.90": 2.727272727272727,
      "1.00": 2.727272727272727
    },
    "3": {
      "0.00": 2.3636363636363638,
      "0.10": 2.0,
      "0.20": 2.0,
      "0.30": 1.9090909090909092,
      "0.40": 1.8181818181818181,
      "0.50": 1.6363636363636365,
      "0.55": 1.5454545454545454,
      "0.60": 1.5454545454545454,
      "0.65": 1.5454545454545454,
      "0.70": 1.6363636363636365,
      "0.75": 1.5454545454545454,
      "0.80": 1.6363636363636365,
      "0.85": 1.7272727272727273,
      "0.90": 1.8181818181818181,
      "1.00": 1.7272727272727273
    },
    "6": {
      "0.00": 3.090909090909091,
      "0.10": 3.1818181818181817,
      "0.20": 3.1818181818181817,
      "0.30": 3.272727272727273,
      "0.40": 3.3636363636363638,
      "0.50": 3.3636363636363638,
      "0.55": 3.3636363636363638,
      "0.60": 3.3636363636363638,
      "0.65": 3.1818181818181817,
      "0.70": 3.090909090909091,
      "0.75": 3.1818181818181817,
      "0.80": 3.1818181818181817,
      "0.85": 3.1818181818181817,
      "0.90": 3.090909090909091,
      "1.00": 3.090909090909091
    },
    "7": {
      "0.00": 1.9090909090909092,
      "0.10": 2.090909090909091,
      "0.20": 2.090909090909091,
      "0.30": 2.0,
      "0.40": 2.0,
      "0.50": 1.9090909090909092,
      "0.55": 1.8181818181818181,
      "0.60": 1.9090909090909092,
      "0.65": 2.1818181818181817,
      "0.70": 2.3636363636363638,
      "0.75": 2.3636363636363638,
      "0.80": 2.272727272727273,
      "0.85": 2.3636363636363638,
      "0.90": 2.4545454545454546,
      "1.00": 2.5454545454545454
    }
  },
  "fold_meta": {
    "1": {
      "circuit": "albert_park",
      "difficulty": 5,
      "n_test": 19,
      "n_with_pace": 19,
      "blend_active": true,
      "train_rows": 2616
    },
    "2": {
      "circuit": "shanghai",
      "difficulty": 5,
      "n_test": 22,
      "n_with_pace": 0,
      "blend_active": false,
      "train_rows": 2635
    },
    "3": {
      "circuit": "suzuka",
      "difficulty": 6,
      "n_test": 22,
      "n_with_pace": 22,
      "blend_active": true,
      "train_rows": 2657
    },
    "6": {
      "circuit": "miami",
      "difficulty": 6,
      "n_test": 22,
      "n_with_pace": 22,
      "blend_active": true,
      "train_rows": 2679
    },
    "7": {
      "circuit": "villeneuve",
      "difficulty": 4,
      "n_test": 22,
      "n_with_pace": 21,
      "blend_active": true,
      "train_rows": 2701
    }
  },
  "normal_folds": [
    1,
    3,
    6,
    7
  ],
  "hard_folds": [],
  "summary": {
    "0.00": {
      "normal_mean_mae": 2.52511961722488,
      "hard_mean_mae": NaN
    },
    "0.10": {
      "normal_mean_mae": 2.4234449760765546,
      "hard_mean_mae": NaN
    },
    "0.20": {
      "normal_mean_mae": 2.3971291866028706,
      "hard_mean_mae": NaN
    },
    "0.30": {
      "normal_mean_mae": 2.2954545454545454,
      "hard_mean_mae": NaN
    },
    "0.40": {
      "normal_mean_mae": 2.2165071770334928,
      "hard_mean_mae": NaN
    },
    "0.50": {
      "normal_mean_mae": 2.1220095693779903,
      "hard_mean_mae": NaN
    },
    "0.55": {
      "normal_mean_mae": 2.076555023923445,
      "hard_mean_mae": NaN
    },
    "0.60": {
      "normal_mean_mae": 2.072966507177034,
      "hard_mean_mae": NaN
    },
    "0.65": {
      "normal_mean_mae": 2.1483253588516744,
      "hard_mean_mae": NaN
    },
    "0.70": {
      "normal_mean_mae": 2.1937799043062203,
      "hard_mean_mae": NaN
    },
    "0.75": {
      "normal_mean_mae": 2.1674641148325358,
      "hard_mean_mae": NaN
    },
    "0.80": {
      "normal_mean_mae": 2.1411483253588517,
      "hard_mean_mae": NaN
    },
    "0.85": {
      "normal_mean_mae": 2.160287081339713,
      "hard_mean_mae": NaN
    },
    "0.90": {
      "normal_mean_mae": 2.1566985645933014,
      "hard_mean_mae": NaN
    },
    "1.00": {
      "normal_mean_mae": 2.1830143540669855,
      "hard_mean_mae": NaN
    }
  },
  "current_base_weight": 0.6,
  "best_weight_normal": 0.6,
  "bootstrap_vs_current": null
}