{
  "generated_at": "2026-06-12T18:08:15.148352+00:00",
  "weights": [
    0.0,
    0.1,
    0.2,
    0.3,
    0.4,
    0.5,
    0.55,
    0.6,
    0.65,
    0.7,
    0.75,
    0.8,
    0.85,
    0.9,
    1.0
  ],
  "per_round_mae": {
    "1": {
      "0.00": 3.789473684210526,
      "0.10": 3.6842105263157894,
      "0.20": 3.473684210526316,
      "0.30": 2.6315789473684212,
      "0.40": 1.894736842105263,
      "0.50": 1.894736842105263,
      "0.55": 1.7894736842105263,
      "0.60": 1.6842105263157894,
      "0.65": 1.6842105263157894,
      "0.70": 1.6842105263157894,
      "0.75": 1.5789473684210527,
      "0.80": 1.4736842105263157,
      "0.85": 1.4736842105263157,
      "0.90": 1.368421052631579,
      "1.00": 1.368421052631579
    },
    "2": {
      "0.00": 2.6363636363636362,
      "0.10": 2.6363636363636362,
      "0.20": 2.6363636363636362,
      "0.30": 2.6363636363636362,
      "0.40": 2.6363636363636362,
      "0.50": 2.6363636363636362,
      "0.55": 2.6363636363636362,
      "0.60": 2.6363636363636362,
      "0.65": 2.6363636363636362,
      "0.70": 2.6363636363636362,
      "0.75": 2.6363636363636362,
      "0.80": 2.6363636363636362,
      "0.85": 2.6363636363636362,
      "0.90": 2.6363636363636362,
      "1.00": 2.6363636363636362
    },
    "3": {
      "0.00": 3.272727272727273,
      "0.10": 2.909090909090909,
      "0.20": 2.909090909090909,
      "0.30": 2.6363636363636362,
      "0.40": 2.1818181818181817,
      "0.50": 1.9090909090909092,
      "0.55": 1.8181818181818181,
      "0.60": 1.9090909090909092,
      "0.65": 1.9090909090909092,
      "0.70": 2.0,
      "0.75": 1.9090909090909092,
      "0.80": 1.7272727272727273,
      "0.85": 1.7272727272727273,
      "0.90": 1.8181818181818181,
      "1.00": 1.7272727272727273
    },
    "6": {
      "0.00": 3.272727272727273,
      "0.10": 3.272727272727273,
      "0.20": 3.3636363636363638,
      "0.30": 3.3636363636363638,
      "0.40": 3.272727272727273,
      "0.50": 3.3636363636363638,
      "0.55": 3.3636363636363638,
      "0.60": 3.272727272727273,
      "0.65": 3.272727272727273,
      "0.70": 3.090909090909091,
      "0.75": 3.1818181818181817,
      "0.80": 3.1818181818181817,
      "0.85": 3.090909090909091,
      "0.90": 3.090909090909091,
      "1.00": 3.090909090909091
    },
    "7": {
      "0.00": 1.7272727272727273,
      "0.10": 1.9090909090909092,
      "0.20": 1.8181818181818181,
      "0.30": 1.9090909090909092,
      "0.40": 1.8181818181818181,
      "0.50": 2.0,
      "0.55": 2.272727272727273,
      "0.60": 2.272727272727273,
      "0.65": 2.272727272727273,
      "0.70": 2.3636363636363638,
      "0.75": 2.3636363636363638,
      "0.80": 2.4545454545454546,
      "0.85": 2.4545454545454546,
      "0.90": 2.5454545454545454,
      "1.00": 2.6363636363636362
    },
    "8": {
      "0.00": 2.5454545454545454,
      "0.10": 2.6363636363636362,
      "0.20": 2.4545454545454546,
      "0.30": 2.5454545454545454,
      "0.40": 2.6363636363636362,
      "0.50": 2.727272727272727,
      "0.55": 2.727272727272727,
      "0.60": 2.6363636363636362,
      "0.65": 2.6363636363636362,
      "0.70": 2.5454545454545454,
      "0.75": 2.5454545454545454,
      "0.80": 2.5454545454545454,
      "0.85": 2.5454545454545454,
      "0.90": 2.5454545454545454,
      "1.00": 2.6363636363636362
    }
  },
  "fold_meta": {
    "1": {
      "circuit": "albert_park",
      "difficulty": 5,
      "n_test": 19,
      "n_with_pace": 19,
      "blend_active": true,
      "train_rows": 2616
    },
    "2": {
      "circuit": "shanghai",
      "difficulty": 5,
      "n_test": 22,
      "n_with_pace": 0,
      "blend_active": false,
      "train_rows": 2635
    },
    "3": {
      "circuit": "suzuka",
      "difficulty": 6,
      "n_test": 22,
      "n_with_pace": 22,
      "blend_active": true,
      "train_rows": 2657
    },
    "6": {
      "circuit": "miami",
      "difficulty": 6,
      "n_test": 22,
      "n_with_pace": 22,
      "blend_active": true,
      "train_rows": 2679
    },
    "7": {
      "circuit": "villeneuve",
      "difficulty": 4,
      "n_test": 22,
      "n_with_pace": 21,
      "blend_active": true,
      "train_rows": 2701
    },
    "8": {
      "circuit": "monaco",
      "difficulty": 10,
      "n_test": 22,
      "n_with_pace": 22,
      "blend_active": true,
      "train_rows": 2723
    }
  },
  "normal_folds": [
    1,
    3,
    6,
    7
  ],
  "hard_folds": [
    8
  ],
  "summary": {
    "0.00": {
      "normal_mean_mae": 3.0155502392344498,
      "hard_mean_mae": 2.5454545454545454
    },
    "0.10": {
      "normal_mean_mae": 2.9437799043062203,
      "hard_mean_mae": 2.6363636363636362
    },
    "0.20": {
      "normal_mean_mae": 2.8911483253588517,
      "hard_mean_mae": 2.4545454545454546
    },
    "0.30": {
      "normal_mean_mae": 2.635167464114833,
      "hard_mean_mae": 2.5454545454545454
    },
    "0.40": {
      "normal_mean_mae": 2.291866028708134,
      "hard_mean_mae": 2.6363636363636362
    },
    "0.50": {
      "normal_mean_mae": 2.291866028708134,
      "hard_mean_mae": 2.727272727272727
    },
    "0.55": {
      "normal_mean_mae": 2.311004784688995,
      "hard_mean_mae": 2.727272727272727
    },
    "0.60": {
      "normal_mean_mae": 2.284688995215311,
      "hard_mean_mae": 2.6363636363636362
    },
    "0.65": {
      "normal_mean_mae": 2.284688995215311,
      "hard_mean_mae": 2.6363636363636362
    },
    "0.70": {
      "normal_mean_mae": 2.284688995215311,
      "hard_mean_mae": 2.5454545454545454
    },
    "0.75": {
      "normal_mean_mae": 2.2583732057416266,
      "hard_mean_mae": 2.5454545454545454
    },
    "0.80": {
      "normal_mean_mae": 2.20933014354067,
      "hard_mean_mae": 2.5454545454545454
    },
    "0.85": {
      "normal_mean_mae": 2.186602870813397,
      "hard_mean_mae": 2.5454545454545454
    },
    "0.90": {
      "normal_mean_mae": 2.2057416267942584,
      "hard_mean_mae": 2.5454545454545454
    },
    "1.00": {
      "normal_mean_mae": 2.2057416267942584,
      "hard_mean_mae": 2.6363636363636362
    }
  },
  "current_base_weight": 0.6,
  "best_weight_normal": 0.85,
  "bootstrap_vs_current": {
    "mean_delta": -0.09411764705882353,
    "ci95": [
      -0.27058823529411763,
      0.08235294117647059
    ]
  }
}